-- phpMyAdmin SQL Dump
-- version 5.0.4
-- https://www.phpmyadmin.net/
--
-- Host: 127.0.0.1
-- Generation Time: Jan 26, 2021 at 04:44 PM
-- Server version: 10.4.17-MariaDB
-- PHP Version: 7.2.34

SET SQL_MODE = "NO_AUTO_VALUE_ON_ZERO";
START TRANSACTION;
SET time_zone = "+00:00";


/*!40101 SET @OLD_CHARACTER_SET_CLIENT=@@CHARACTER_SET_CLIENT */;
/*!40101 SET @OLD_CHARACTER_SET_RESULTS=@@CHARACTER_SET_RESULTS */;
/*!40101 SET @OLD_COLLATION_CONNECTION=@@COLLATION_CONNECTION */;
/*!40101 SET NAMES utf8mb4 */;

--
-- Database: `unjukrasa`
--

-- --------------------------------------------------------

--
-- Table structure for table `allience`
--

CREATE TABLE `allience` (
  `id` bigint(20) UNSIGNED NOT NULL,
  `allience_name` char(255) COLLATE utf8mb4_unicode_ci NOT NULL,
  `created_at` timestamp NULL DEFAULT NULL,
  `updated_at` timestamp NULL DEFAULT NULL
) ENGINE=InnoDB DEFAULT CHARSET=utf8mb4 COLLATE=utf8mb4_unicode_ci;

--
-- Dumping data for table `allience`
--

INSERT INTO `allience` (`id`, `allience_name`, `created_at`, `updated_at`) VALUES
(1, 'ALIANSI MASYARAKAT BERSATU LAWAN MAFIA KARTEL (AMBLMK1)', '2021-01-14 20:48:04', '2021-01-20 06:41:46'),
(2, 'FRONT MAHASISWA HUKUM JAKARTA (FMHJ)', '2021-01-14 20:48:04', '2021-01-14 20:48:04'),
(3, 'GERAKAN LINTAS AKTIFIS MAHASISWA (GLAM)', '2021-01-14 20:48:04', '2021-01-14 20:48:04'),
(4, 'FEDRASI SERIKAT BURUH DEMOKRATIK KERAKYATAN (F-SEDAR)', '2021-01-14 20:48:04', '2021-01-14 20:48:04'),
(5, 'PUK SGBBI PT AFI', '2021-01-14 20:48:04', '2021-01-14 20:48:04'),
(6, 'FRIENDS OF FALUN GONG', '2021-01-14 20:48:04', '2021-01-14 20:48:04'),
(7, 'DPP II PARTAI GOLKAR JAKARTA PUSAT', '2021-01-14 20:48:04', '2021-01-14 20:48:04'),
(8, 'GERAKAN PATRIOT MUDA NTT', '2021-01-14 20:48:04', '2021-01-14 20:48:04'),
(9, 'FEDERASI SERIKAT PEKERJA LOGAM, ELEKTRONIK DAN MESIN (FSP LEM SPSI)', '2021-01-14 20:48:04', '2021-01-14 20:48:04'),
(10, 'TENAGA KERJA OUTSOURCHING PT GARUDA DATA PRATAMA SEJAHTERA GDPS', '2021-01-14 20:48:04', '2021-01-14 20:48:04'),
(11, 'FORUM MAHASISWA DAN PEMUDA JAKARTA (FMPJ)', '2021-01-14 20:48:04', '2021-01-14 20:48:04'),
(12, 'TIPOSU 2020', '2021-01-14 20:48:04', '2021-01-14 20:48:04'),
(13, 'GERAKAN PEMUDA INDONESIA ANTI KORUPSI', '2021-01-14 20:48:04', '2021-01-14 20:48:04'),
(14, 'PENGURUS CABANG PERTAHANAN IDEOLOGI SAREKAT ISLAM (PERISAI) BEKASI RAYA', '2021-01-14 20:48:04', '2021-01-14 20:48:04'),
(15, 'FORUM PERSATUAN MAHASISWA SUMATERA UTARA (FOPMA-SUMUT)', '2021-01-14 20:48:04', '2021-01-14 20:48:04'),
(16, 'GARDA PEMUDA INDONESIA', '2021-01-14 20:48:04', '2021-01-14 20:48:04'),
(17, 'GERAKAN LINTAS AKTIVIS MAHASISWA (GLAM)', '2021-01-14 20:48:04', '2021-01-14 20:48:04'),
(18, 'SERIKAT MAHASISWA MUSLIM SE-JAKARTA (SEMMI)', '2021-01-14 20:48:04', '2021-01-14 20:48:04'),
(19, 'JARINGAN MAHASISWA HUKUM INDONESIA (JMHI)', '2021-01-14 20:48:04', '2021-01-14 20:48:04'),
(20, 'JARINGAN MAHASISWA ANTI KORUPSI (JAMAK)', '2021-01-14 20:48:04', '2021-01-14 20:48:04'),
(21, 'GERAKAN MAHASISWA DAN PEMUDA PEJUANG KEADILAN', '2021-01-14 20:48:04', '2021-01-14 20:48:04'),
(22, 'ALIANSI PEMUDA DAN MASYARAKAT INDONESIA', '2021-01-14 20:48:04', '2021-01-14 20:48:04'),
(23, 'GERAKAN MAHASISWA PENEGAK HUKUM INDONESIA', '2021-01-14 20:48:04', '2021-01-14 20:48:04'),
(24, 'PENGURUS PUSAT KOALISI INDONESIA (KOMANDO)', '2021-01-14 20:48:04', '2021-01-14 20:48:04'),
(25, 'GERAKAN AKTIVIS INDONESIA (GAI)', '2021-01-14 20:48:04', '2021-01-14 20:48:04'),
(26, 'GERAKAN RAKYAT ANTI KORUPSI RIAU (GERAK RIAU)', '2021-01-14 20:48:04', '2021-01-14 20:48:04'),
(27, 'BARISAN AKSI PEMUDA DAN MAHASISWA (BARAK)', '2021-01-14 20:48:04', '2021-01-14 20:48:04'),
(28, 'FORUM MAHASISWA PEJUANG KEADILAN (FMPK)', '2021-01-14 20:48:04', '2021-01-14 20:48:04'),
(29, 'PRESIDIUM GERAKAN JAGA INDONESIA', '2021-01-14 20:48:04', '2021-01-14 20:48:04'),
(30, 'ALIANSI AKTIVIS AKADEMIS (AAA)', '2021-01-14 20:48:04', '2021-01-14 20:48:04'),
(31, 'FORUM MAHASISWA MALUKU DAN MALUKU UTARA (FMM)', '2021-01-14 20:48:04', '2021-01-14 20:48:04'),
(32, 'KANTOR KEMENKUMHAM', '2021-01-14 20:48:04', '2021-01-14 20:48:04'),
(33, 'GERAKAN NASIONAL PENCEGAHAN KORUPSI REPUBLIK INDONESIA (GNPK-RI) PROVINSI JAWA BARAT', '2021-01-14 20:48:04', '2021-01-14 20:48:04'),
(34, 'SERIKAT GERAKAN BURUH BUMI INDONESIA PT ALPEN FOOD INDUSTRY (SGBBI PT AFI)', '2021-01-14 20:48:04', '2021-01-14 20:48:04'),
(35, 'ALIANSI PEKERJA BUMN BERGERAK', '2021-01-14 20:48:04', '2021-01-14 20:48:04'),
(36, 'FORUM PEMUDA NKRI', '2021-01-14 20:48:04', '2021-01-14 20:48:04'),
(37, 'DEPAN PIMPUNAN PUSAT GABUNGAN SERIKAT BURUH INDONESIA (DPP GSBI)', '2021-01-14 20:48:04', '2021-01-14 20:48:04'),
(38, 'KOALISI MAHASISWA PENEGAK KEADILAN', '2021-01-14 20:48:04', '2021-01-14 20:48:04'),
(39, 'LSM PATRIOT NASIONAL (PATRON)', '2021-01-14 20:48:04', '2021-01-14 20:48:04'),
(40, 'ALIANSI TANGKAP MALING JIWASRYAWA (ATMAJA)', '2021-01-14 20:48:04', '2021-01-14 20:48:04'),
(41, 'GERAKAN PEMUDA NUSANTARA (GPN)', '2021-01-14 20:48:04', '2021-01-14 20:48:04'),
(42, 'KOALISI MAHASISA DAN PEMUDA PEDULI KONSUMEN (KOMPAK)', '2021-01-14 20:48:04', '2021-01-14 20:48:04'),
(43, 'GERAKAN PEMUDA JAKARTA', '2021-01-14 20:48:04', '2021-01-14 20:48:04'),
(44, 'PENGURUS GERAKAN RESTORASI MAHASISWA INDONESIA (GERMI)', '2021-01-14 20:48:04', '2021-01-14 20:48:04'),
(45, 'PENGURUS PUSAT KESATUAN AKSI MAHASISWA MUSLIM INDONESIA (KAMMI)', '2021-01-14 20:48:04', '2021-01-14 20:48:04'),
(46, 'ALIANSI MAHASISWA INDONESIA (AMI)', '2021-01-14 20:48:04', '2021-01-14 20:48:04'),
(47, 'KOMITE MUDA NUSANTARA (KMN)', '2021-01-14 20:48:04', '2021-01-14 20:48:04'),
(48, 'JARINGAN PEMUDA INDONESIA (JPI)', '2021-01-14 20:48:04', '2021-01-14 20:48:04'),
(49, 'PERGERAKAN MAHASISWA HUKUM INDONESIA (PAMHI)', '2021-01-14 20:48:04', '2021-01-14 20:48:04'),
(50, 'FORUM MAHASISWA LINGKAR TAMBANG MALUKU UTARA', '2021-01-14 20:48:04', '2021-01-14 20:48:04'),
(51, 'FORUM PEJUANG KEADILAN (FPK)', '2021-01-14 20:48:04', '2021-01-14 20:48:04'),
(52, 'KORP MAHASISWA ANTI KORUPSI', '2021-01-14 20:48:04', '2021-01-14 20:48:04'),
(53, 'MASYARAKAT PAPANGGO', '2021-01-14 20:48:04', '2021-01-14 20:48:04'),
(54, 'KESATUAN MAHASISWA BANGKA BELITUNG JAKARTA', '2021-01-14 20:48:04', '2021-01-14 20:48:04'),
(55, 'KORPS MAHASISWA ANTI KORUPSI', '2021-01-14 20:48:04', '2021-01-14 20:48:04'),
(56, 'GERAKAN MAHASISWA PENGAWAL KEADILAN (GMPK)', '2021-01-14 20:48:04', '2021-01-14 20:48:04'),
(57, 'PERSATUAN PERJUANGAN AKTIVIS SE-INDONESIA (PPA SE-INDONESIA)', '2021-01-14 20:48:04', '2021-01-14 20:48:04'),
(58, 'JARINGAN SOLIDARITAS KORBAN UNTUK KEADILAN (JSKK)', '2021-01-14 20:48:04', '2021-01-14 20:48:04'),
(59, 'MASYARAKAT MEMBER MEMILES PEJUANG HAK DAN KEADILAN (M3PHK)', '2021-01-14 20:48:04', '2021-01-14 20:48:04'),
(60, 'ALIANSI PERGERAKAN INTELEKTUAL PEDULI JAMBI (APIP-JAMBI)', '2021-01-14 20:48:04', '2021-01-14 20:48:04'),
(61, 'GERAKAN MAHASISWA ANTI DISKRIMINASI USAHA', '2021-01-14 20:48:04', '2021-01-14 20:48:04'),
(62, 'GERAKAN MAHASISWA ANTI MONOPOLI USAHA', '2021-01-14 20:48:04', '2021-01-14 20:48:04'),
(63, 'ALIANSI MAHASISWA NASIONALIS PEDULI KEADILAN (AMAN-PKN)', '2021-01-14 20:48:04', '2021-01-14 20:48:04'),
(64, 'GERAKAN MAHASISWA JAKARTA (GMJ)', '2021-01-14 20:48:04', '2021-01-14 20:48:04'),
(65, 'GERAKAN MAHASISWA PEMERHATI ASPIRASI RAKYAT (GEMPAR)', '2021-01-14 20:48:04', '2021-01-14 20:48:04'),
(66, 'PERGERAKAN MAHASISWA BERANTAS KORUPSI (PEMBERONTAK-APPI)', '2021-01-14 20:48:04', '2021-01-14 20:48:04'),
(67, 'KOBAR JAKARTA UTARA', '2021-01-14 20:48:04', '2021-01-14 20:48:04'),
(68, 'ALIANSI MAHASISWA JAKARTA (AMJ)', '2021-01-14 20:48:04', '2021-01-14 20:48:04'),
(69, 'FRONT MAHASISWA HUKUM INDONESIA (FMHI)', '2021-01-14 20:48:04', '2021-01-14 20:48:04'),
(70, 'MASYARAKAT MEMBER MEMILES PEJUANG HAK DAN KEADILAN(M3PHK)', '2021-01-14 20:48:04', '2021-01-14 20:48:04'),
(71, 'SERIKAT GABUNGAN BURUH BUMI INDONESIA PT ALPEN FOOD INDUSTRY (SGBBI PT AFI)', '2021-01-14 20:48:04', '2021-01-14 20:48:04'),
(72, 'PERGERAKAN MAHASISWA PEMERHATI INDONESIA (PEMPI)', '2021-01-14 20:48:04', '2021-01-14 20:48:04'),
(73, 'PENGURUS PRESEDIUM MAHASISWA MENGGUGAT (PMM)', '2021-01-14 20:48:04', '2021-01-14 20:48:04'),
(74, 'LINGKAR MUDA NUSANTARA', '2021-01-14 20:48:04', '2021-01-14 20:48:04'),
(75, 'ALIANSI PRO RAKYAT', '2021-01-14 20:48:04', '2021-01-14 20:48:04'),
(76, 'GERAKAN AKTIVIS INDONESIA', '2021-01-14 20:48:04', '2021-01-14 20:48:04'),
(77, 'GERAKAN AKTIVIS ANTI KORUPSI (GERAK INDONESIA)& ALIANSI MAHASISWANASIONALIS PEDULI KEADILAN (AMAN-PKN)', '2021-01-14 20:48:04', '2021-01-14 20:48:04'),
(78, 'PENGURUS CABANG SERIKAT MAHASISWA MUSLIMIN INDONESIA JAKARTA PUSAT (SEMMI) JAKARTA PUSAT', '2021-01-14 20:48:04', '2021-01-14 20:48:04'),
(79, 'ORUM MAHASISWA LINGKAR TAMBANG MALUKU UTARA(FORMALINTANG- JAKARTA)', '2021-01-14 20:48:04', '2021-01-14 20:48:04'),
(80, 'CENTRAL ANTI CORUPTION (CAC)', '2021-01-14 20:48:04', '2021-01-14 20:48:04'),
(81, 'MAHASISWA ANTI KORUPSI', '2021-01-14 20:48:04', '2021-01-14 20:48:04'),
(82, 'WARGA PAPANGGO', '2021-01-14 20:48:04', '2021-01-14 20:48:04'),
(83, 'SERIKAT BURUH FSPMI KOTA/KAB. TANGERANG', '2021-01-14 20:48:04', '2021-01-14 20:48:04'),
(84, 'PRESIDIUM CORONG RAKYAT', '2021-01-14 20:48:04', '2021-01-14 20:48:04'),
(85, 'KOMITE PROGRESIF POROS NASIONAL', '2021-01-14 20:48:04', '2021-01-14 20:48:04'),
(86, 'GERAKAN AKTIVIS ANTI KORUPSI (GERAK)', '2021-01-14 20:48:04', '2021-01-14 20:48:04'),
(87, 'BARISAN RAKYAT ANTI KORUPSI (BARA ANTI KORUPSI)', '2021-01-14 20:48:04', '2021-01-14 20:48:04'),
(88, 'KOMUNITAS DEMI RAKYAT (KODRAT)', '2021-01-14 20:48:04', '2021-01-14 20:48:04'),
(89, 'GERAKAN MAHASISWA PEDULI NEGERI (GMPN)', '2021-01-14 20:48:04', '2021-01-14 20:48:04'),
(90, 'ALIANSI MAHASISWA INDONESIA PATUH HUKUM', '2021-01-14 20:48:04', '2021-01-14 20:48:04'),
(91, 'ALIANSI MAHASISWA WARAS HUKUM', '2021-01-14 20:48:04', '2021-01-14 20:48:04'),
(92, 'HIMPUNAN MAHASISWA ISLAM (HMI) MPO CABANG JAKARTA', '2021-01-14 20:48:04', '2021-01-14 20:48:04'),
(93, 'PERHIMPUNAN SARJANA HUKUM INDONESIA (PSHI)', '2021-01-14 20:48:04', '2021-01-14 20:48:04'),
(94, 'ALIANSI MASYARAKAT TALAUD', '2021-01-14 20:48:04', '2021-01-14 20:48:04'),
(95, 'DEPARTEMEN HUKUM DAN HAM FORUM MAHASISWA MALUKU DAN MALUKU UTARA CIPUTAT', '2021-01-14 20:48:04', '2021-01-14 20:48:04'),
(96, 'JARINGAN MAHASISWA JAKARTA', '2021-01-14 20:48:04', '2021-01-14 20:48:04'),
(97, 'JARINGAN AKTIVIS NTB-JAKARTA (JAKTI NTB-JAKARTA)', '2021-01-14 20:48:04', '2021-01-14 20:48:04'),
(98, 'KOMITE MAHASISWA ISLAM (KMI)', '2021-01-14 20:48:04', '2021-01-14 20:48:04'),
(99, 'PERSAUDARAAN ALUMNI 212', '2021-01-14 20:48:04', '2021-01-14 20:48:04'),
(100, 'GERAKAN AKTIVIS SELAMATKAN UANG NEGARA (GEMPUR)', '2021-01-14 20:48:04', '2021-01-14 20:48:04'),
(101, 'GERAKAN AKTIVIS JAKARTA ANTI MAFIA', '2021-01-14 20:48:04', '2021-01-14 20:48:04'),
(102, 'GERAKAN MAHASISWA DAN PEMUDA MALUKU UTARA (GAM-MALUT)', '2021-01-14 20:48:04', '2021-01-14 20:48:04'),
(103, 'PERSAUDARAAN PEKERJA MULSIM INDOENSIA', '2021-01-14 20:48:04', '2021-01-14 20:48:04'),
(104, 'FEDERASI SERIKAT PEKERJA MANDIRI', '2021-01-14 20:48:04', '2021-01-14 20:48:04'),
(105, 'GENERASI MUDA TRIKORA PAPUA', '2021-01-14 20:48:04', '2021-01-14 20:48:04'),
(106, 'LEMBAGA SWADAYA MASYARAKAT FORUM RAKYAT CINTA NEGERI (LSM FORCIN) DAN LEMBAGA SWADAYA MASYARAKAT RAKYAT PEDULI INDONESIA(LSM RPI)', '2021-01-14 20:48:04', '2021-01-14 20:48:04'),
(107, 'ORGANISASI PERUSAHAAN PENEMPATAN TENAGAKERJA INDONESIA (ASPATAKI)', '2021-01-14 20:48:04', '2021-01-14 20:48:04'),
(108, 'GERAKAN ALIANSI MAHASISWA UBK', '2021-01-14 20:48:04', '2021-01-14 20:48:04'),
(109, 'GERAKAN MASYARAKAT ANTI PROSTITUSI DAN PERDAGANGAN ANAK DIBAWAH UMUR', '2021-01-14 20:48:04', '2021-01-14 20:48:04'),
(110, 'SATUAN MAHASISWA PEDULI RAKYAT INDONESIA (SMPRI)', '2021-01-14 20:48:04', '2021-01-14 20:48:04'),
(111, 'ALIANSI TANGKAP MALING JIWASRAYA (ATMAJA)', '2021-01-14 20:48:04', '2021-01-14 20:48:04'),
(112, 'FORUM PEDULI BUMN', '2021-01-14 20:48:04', '2021-01-14 20:48:04'),
(113, 'GERAKAN AKTIVIS ANTI KORUPSI INDONESIA', '2021-01-14 20:48:04', '2021-01-14 20:48:04'),
(114, 'KOALISI MAHASISWA DAN PEMUDA PENEGAK KEADILAN', '2021-01-14 20:48:04', '2021-01-14 20:48:04'),
(115, 'GERAKAN AKTIVIS MALUKU-MALUKU UTARA JAKARTA (GERAM MUJ)', '2021-01-14 20:48:04', '2021-01-14 20:48:04'),
(116, 'FORUM MASYARAKAT MANDIRI', '2021-01-14 20:48:04', '2021-01-14 20:48:04'),
(117, 'PERSATUAN MAHASISWA NTB JAKARTA (PERSMA NTB JKT)', '2021-01-14 20:48:04', '2021-01-14 20:48:04'),
(118, 'ALIANSI MAHASISWA DAN PEMUDA PENCARI KEADILAN (AMPPK JAKARTA)', '2021-01-14 20:48:04', '2021-01-14 20:48:04'),
(119, 'GERAKAN AKTIVIS ANTI KORUPSI (GERAK INDONESIA)& ALIANSI MAHASISWA NASIONALIS PEDULIKEADILAN (AMAN-PKN)', '2021-01-14 20:48:04', '2021-01-14 20:48:04'),
(120, 'HIMPUNAN MAHASISWA ISLAM (HMI CAB JAKBAR)', '2021-01-14 20:48:04', '2021-01-14 20:48:04'),
(121, 'KOMITE MAHASISWA DAN PEMUDA ISLAM INDONESIA (KMPII)', '2021-01-14 20:48:04', '2021-01-14 20:48:04'),
(122, 'ALIANSI KAMPUS SE-BEKASI (AKSI)', '2021-01-14 20:48:04', '2021-01-14 20:48:04'),
(123, 'SENAT MAHASISWA FAKULTAS HUKUM UNIV. MPU TANTULAR', '2021-01-14 20:48:04', '2021-01-14 20:48:04'),
(124, 'GERAKAN AKTIVIS INDONESIA (GERAI)', '2021-01-14 20:48:04', '2021-01-14 20:48:04'),
(125, 'KOMITE MILENIAL ANTI KORUPSI (KOMIK)', '2021-01-14 20:48:04', '2021-01-14 20:48:04'),
(126, 'PUK SPEE FSPMI PT KMK PLASTICS INDONESIA', '2021-01-14 20:48:04', '2021-01-14 20:48:04'),
(127, 'LSM ANAK BANGSA PEDULI LINGKUNGAN', '2021-01-14 20:48:04', '2021-01-14 20:48:04'),
(128, 'FEDERASI SERIKAT PEKERJA MANDIRI (FSPM)', '2021-01-14 20:48:04', '2021-01-14 20:48:04'),
(129, 'SERIKAT PEKERJA JAKARTA INTERNATIONAL CONTAINER TERMINAL (SP JICT)', '2021-01-14 20:48:04', '2021-01-14 20:48:04'),
(130, 'KOMUNITAS PENGHUNI / PENYEWA RUANG KANTOR GDEUNG DEWAN PERS', '2021-01-14 20:48:04', '2021-01-14 20:48:04'),
(131, 'KOMUNITAS MASYARAKAT ADAT PAPUA ANTI KORUPSI (KAMPAK)', '2021-01-14 20:48:04', '2021-01-14 20:48:04'),
(132, 'GERAKAN RAKYAT MENGGUGAT JAMBI (GERAM JAMBI)', '2021-01-14 20:48:04', '2021-01-14 20:48:04'),
(133, 'JARINGAN RAKYAT MENOLAK TAMBANG', '2021-01-14 20:48:04', '2021-01-14 20:48:04'),
(134, 'GERAKAN MAHASISWA PEDULI KEADILAN', '2021-01-14 20:48:04', '2021-01-14 20:48:04'),
(135, 'PERGERAKAN MAHASISWA BERANTAS KORUPSI (PEMBERONTAK)', '2021-01-14 20:48:04', '2021-01-14 20:48:04'),
(136, 'IKATAN MUDA AKTIVIS NASIONAL INDONESIA (IMAN)', '2021-01-14 20:48:04', '2021-01-14 20:48:04'),
(137, 'SERIKAT MAHASISWA MUSLIMIN SE JAKARTA (SEMMI) SE-JAKARTA', '2021-01-14 20:48:04', '2021-01-14 20:48:04'),
(138, 'PERSAUDARAAN PEKERJA MUSLIM INDONESIA', '2021-01-14 20:48:04', '2021-01-14 20:48:04'),
(139, 'ALIANSI TANGKAP MALING (ATMAJA)', '2021-01-14 20:48:04', '2021-01-14 20:48:04'),
(140, 'FORUM PEDULI JAKARTA BARU', '2021-01-14 20:48:04', '2021-01-14 20:48:04'),
(141, 'GERAKAN MAHASISWA DAN PEMUDA UNTUK KEADILAN (GARDA KEADILAN)', '2021-01-14 20:48:04', '2021-01-14 20:48:04'),
(142, 'GERAKAN AKTIVIS ANTI KORUPSI INDONESIA(GERAK INDONESIA)', '2021-01-14 20:48:04', '2021-01-14 20:48:04'),
(143, 'ALIANSI NASABAH PEDULI BRI', '2021-01-14 20:48:04', '2021-01-14 20:48:04'),
(144, 'FORUM PERGERAKAN MAHASISWA PULAU BURU JAKARTA', '2021-01-14 20:48:04', '2021-01-14 20:48:04'),
(145, 'GERAKAN AKTIVIS MUDA INDONESIA (GAMI)', '2021-01-14 20:48:04', '2021-01-14 20:48:04'),
(146, 'FORUM KOMUNIKASI MAHASISWA INDONESIA', '2021-01-14 20:48:04', '2021-01-14 20:48:04'),
(147, 'KOMUNITAS AKSI PEMUDA MAHASISWA ANTI KORUPSI (KAMPAK MERAH PUTIH)', '2021-01-14 20:48:04', '2021-01-14 20:48:04'),
(148, 'FORUM UKUWA ISLAMIYAH (FUKHIS)', '2021-01-14 20:48:04', '2021-01-14 20:48:04'),
(149, 'TIM AKAR RUMPUT KOTA DEPOK', '2021-01-14 20:48:04', '2021-01-14 20:48:04'),
(150, 'PEMUDA ISLAM PROV. KALIMANTAN SELATAN', '2021-01-14 20:48:04', '2021-01-14 20:48:04'),
(151, 'ALIANSI MAHASISWA DAN PEMUDA PEDULI JAMBI (AMPB)', '2021-01-14 20:48:04', '2021-01-14 20:48:04'),
(152, 'ALIANSI MAHASISWA MALUKU-MALUKU UTARA', '2021-01-14 20:48:04', '2021-01-14 20:48:04'),
(153, 'FORUM MAHASISWA NASIONAL (FORNAS)', '2021-01-14 20:48:04', '2021-01-14 20:48:04'),
(154, 'ALIANSI MAHASISWA PEDULI EKONOMI BANGSA', '2021-01-14 20:48:04', '2021-01-14 20:48:04'),
(155, 'GERAKAN MAHASISWA INDONESIA TIMUR', '2021-01-14 20:48:04', '2021-01-14 20:48:04'),
(156, 'SERIKAT KSBSI KIKES', '2021-01-14 20:48:04', '2021-01-14 20:48:04'),
(157, 'GERAKAN AKTIVIS ANTI KORUPSI (GERAK INDONESIA)', '2021-01-14 20:48:04', '2021-01-14 20:48:04'),
(158, 'ALIANSI ANAK PEDANI (AAPI)', '2021-01-14 20:48:04', '2021-01-14 20:48:04'),
(159, 'HIMPUNAN MAHASISWA ISLAM (HMI) CAB. JAKARTA RAYA', '2021-01-14 20:48:04', '2021-01-14 20:48:04'),
(160, 'FORUM MAHASISWA DAN PEMUDA NASIONAL INDONESIA', '2021-01-14 20:48:04', '2021-01-14 20:48:04'),
(161, 'GERAKAN MAHASISWA ISLAM JAKARTA (GAMIS)', '2021-01-14 20:48:04', '2021-01-14 20:48:04'),
(162, 'KOALISI PEMUDA NKRI', '2021-01-14 20:48:04', '2021-01-14 20:48:04'),
(163, 'GERAKAN MAHASISWA ANTI KORUPSI (GMAK)', '2021-01-14 20:48:04', '2021-01-14 20:48:04'),
(164, 'SERIKAT BURUH COCA COLA BOTLING', '2021-01-14 20:48:04', '2021-01-14 20:48:04'),
(165, 'GABUNGAN SERIKAT BURUH INDONESIA (GSBI)', '2021-01-14 20:48:04', '2021-01-14 20:48:04'),
(166, 'SERIKAT KSBBSI KIKES', '2021-01-14 20:48:04', '2021-01-14 20:48:04'),
(167, 'DPP FEDERASI BURUH TRANSPORTASI PELABUHAN INDONESIA (FBTPI)', '2021-01-14 20:48:04', '2021-01-14 20:48:04'),
(168, 'GABUNGAN PEMUDA MAHASISWA NUSANTARA (GPM-NUS)', '2021-01-14 20:48:04', '2021-01-14 20:48:04'),
(169, 'ALIANSI MAHASISWA MALUKU UTARA (ALAMMAT)', '2021-01-14 20:48:04', '2021-01-14 20:48:04'),
(170, 'KOALISI MAHASISWA PEMBERANTAS KORUPSI', '2021-01-14 20:48:04', '2021-01-14 20:48:04'),
(171, 'KOALISI INDONESIA BELA BAITUL MAQDIS', '2021-01-14 20:48:04', '2021-01-14 20:48:04'),
(172, 'PERGERAKAN RAKYAT DEMOKRASI INDONESIA (PERAK DEMOKRASI)', '2021-01-14 20:48:04', '2021-01-14 20:48:04'),
(173, 'PENGURUS PUSAT KORPS MAHASISWA GERAKAN PEMUDA ISLAM INDONESIA (PP KORPSMA GPII)', '2021-01-14 20:48:04', '2021-01-14 20:48:04'),
(174, 'KESATUAN ANGKATAN MUDA SRIWIJAYA (KAMSRI)', '2021-01-14 20:48:04', '2021-01-14 20:48:04'),
(175, 'JARINGAN AKTIVIS MILENIAL DAN BATUBARA (JAM MINERBA)', '2021-01-14 20:48:04', '2021-01-14 20:48:04'),
(176, 'GERAKAN MAHASISWA ANTI PROSTITUSI (GMAP)', '2021-01-14 20:48:04', '2021-01-14 20:48:04'),
(177, 'GERAKAN MAHASISWA MUSLIM JAKARTA', '2021-01-14 20:48:04', '2021-01-14 20:48:04'),
(178, 'LEMBAGA PENGAWAL TRANSPARANSI DAN KEBIJAKAN PUBLIK (PTKP)', '2021-01-14 20:48:04', '2021-01-14 20:48:04'),
(179, 'ASOSIASI MAHASISWA PENEGAKAN KEADILAN', '2021-01-14 20:48:04', '2021-01-14 20:48:04'),
(180, 'ALIANSI MAHASISWA JAKARTA TIMUR', '2021-01-14 20:48:04', '2021-01-14 20:48:04'),
(181, 'ALIANSI PEMUDA MAHASISWA ANTI MAFIA (APMAM)', '2021-01-14 20:48:04', '2021-01-14 20:48:04'),
(182, 'GERAKAN AKTIVIS MAHASISWA INDONESIA (GAMI)', '2021-01-14 20:48:04', '2021-01-14 20:48:04'),
(183, 'KOMITE MAHASISWA INDONESIA (KMI)', '2021-01-14 20:48:04', '2021-01-14 20:48:04'),
(184, 'ALIANSI MAHASISWA SELAMATKAN UANG NEGARA', '2021-01-14 20:48:04', '2021-01-14 20:48:04'),
(185, 'GERAKAN AKTIVIS ANTI MAFIA (GERAM)', '2021-01-14 20:48:04', '2021-01-14 20:48:04'),
(186, 'GERAKAN AKTIVIS ANTI KORUPSI (GAAK)', '2021-01-14 20:48:04', '2021-01-14 20:48:04'),
(187, 'JARINGAN MAHASISWA PEDULI PENEGAK HUKUM', '2021-01-14 20:48:04', '2021-01-14 20:48:04'),
(188, 'GERAKAN AKTIVIS JAKARTA PEDULI', '2021-01-14 20:48:04', '2021-01-14 20:48:04'),
(189, 'SOLIDARITAS FRONT GERAKAN ANTI NARKOBA', '2021-01-14 20:48:04', '2021-01-14 20:48:04'),
(190, 'ALIANSI GERAKAN UNTUK INDONESIA MAJU', '2021-01-14 20:48:04', '2021-01-14 20:48:04'),
(191, 'GERAKAN MAHASISWA PEJUANG INDONESIA (GMPI)', '2021-01-14 20:48:04', '2021-01-14 20:48:04'),
(192, 'HIMPUNAN MAHASISWA ISLAM (HMI) CAB. JAKPUSTARA DAN JAKARTA TIMUR', '2021-01-14 20:48:04', '2021-01-14 20:48:04'),
(193, 'LSM TIM AKAR RUMPUT KOTA DEPOK', '2021-01-14 20:48:04', '2021-01-14 20:48:04'),
(194, 'HIMPUNAN MAHASISWA ISLAM (HMI) CAB.JAKPUSTARA DAN JAKARTA TIMUR', '2021-01-14 20:48:04', '2021-01-14 20:48:04'),
(195, 'REPUBLIK SUARA MAHASISWA NUSANTARA (RSMN)', '2021-01-14 20:48:04', '2021-01-14 20:48:04'),
(196, 'PIMPINAN PUSAT LEMBAGA PEMUDA PEMERHATI TRANSPARANSI ANGGARAN', '2021-01-14 20:48:04', '2021-01-14 20:48:04'),
(197, 'KOMANDO ANTI KORUPSI (KAKORS)', '2021-01-14 20:48:04', '2021-01-14 20:48:04'),
(198, 'KOALISI MASYARAKAT ANTI PROSTITUSI DAN PERDAGANGAN ANAK DI BAWAH UMUR', '2021-01-14 20:48:04', '2021-01-14 20:48:04'),
(199, 'SOLIDARITAS MAHASISWA UNTUK NEGERI', '2021-01-14 20:48:04', '2021-01-14 20:48:04'),
(200, 'FRONT MAHASISWA JAKARTA UTARA', '2021-01-14 20:48:04', '2021-01-14 20:48:04'),
(201, 'GERAKAN MAHASISWA PEDULI KEADILAN (GMPK)', '2021-01-14 20:48:04', '2021-01-14 20:48:04'),
(202, 'PENGURUS PUSAT KORPS MAHASISWA GERAKAN PEMUDA ISLAM INDONESIA (GPII)', '2021-01-14 20:48:04', '2021-01-14 20:48:04'),
(203, 'ALIANSI ANAK PETANI INDONESIA (AAPI)', '2021-01-14 20:48:04', '2021-01-14 20:48:04'),
(204, 'GERAKAN PERSATUAN PEMUDA INDONESIA (GPPI)', '2021-01-14 20:48:04', '2021-01-14 20:48:04'),
(205, 'KOMUNITAS PEDULI BUMN', '2021-01-14 20:48:04', '2021-01-14 20:48:04'),
(206, 'ALIANSI MAHASISWA NASIONALIS PEDILI KEADILAN (AMAN-PKN)', '2021-01-14 20:48:04', '2021-01-14 20:48:04'),
(207, 'ALIANSI MAHASISWA ANTI KORUPSI (AMAK)', '2021-01-14 20:48:04', '2021-01-14 20:48:04'),
(208, 'DEWAN PIMPINAN PUSAT KONFEDERASI SERIKAT PEKERJA SELURUH INDONESIA(DPP KSPSI)', '2021-01-14 20:48:04', '2021-01-14 20:48:04'),
(209, 'SERIKAT PEKERJA PT. DOK DAN PERKAPALAN KODJA BAHARI', '2021-01-14 20:48:04', '2021-01-14 20:48:04'),
(210, 'ALIANSI PEMUDA PEDULI JAMBI', '2021-01-14 20:48:04', '2021-01-14 20:48:04'),
(211, 'ALIANSI MAHASISWA PEDULI EKONOMI BANGSA (AMPEB)', '2021-01-14 20:48:04', '2021-01-14 20:48:04'),
(212, 'BARISAN MAHASISWA DAN PEMUDA KAWAL KOMISI HUKUM (BAWALHUKUM)', '2021-01-14 20:48:04', '2021-01-14 20:48:04'),
(213, 'ASIOSIASI MASYARAKAT INDRAMAYU', '2021-01-14 20:48:04', '2021-01-14 20:48:04'),
(214, 'BARISAN MAHASISWA INDONESIA (BMI)', '2021-01-14 20:48:04', '2021-01-14 20:48:04'),
(215, 'JARINGAN AKTIVIS LINGKUNGAN HIDUP (JALH)', '2021-01-14 20:48:04', '2021-01-14 20:48:04'),
(216, 'GERAKAN PATRIOT MUDA NTT (GARDA NTT)', '2021-01-14 20:48:04', '2021-01-14 20:48:04'),
(217, 'GERAKAN AKTIVIS MUDA INDONESIA(GAMI)', '2021-01-14 20:48:04', '2021-01-14 20:48:04'),
(218, 'ALIANSI RELAWAN JOKOWI', '2021-01-14 20:48:04', '2021-01-14 20:48:04'),
(219, 'GERAKAN LINTAS AKTIVIS MAHASISWA(GLAM)', '2021-01-14 20:48:04', '2021-01-14 20:48:04'),
(220, 'GERAKAN MAHASISWA MUSLIM JAKARTA (GMMJ)', '2021-01-14 20:48:04', '2021-01-14 20:48:04'),
(221, 'JARINGAN RELAWAN ANTI KORUPSI (JARSI) 98', '2021-01-14 20:48:04', '2021-01-14 20:48:04'),
(222, 'ALIANSI MASYARAKAT ANTI KORUPSI PEDULI INDONESIA', '2021-01-14 20:48:04', '2021-01-14 20:48:04'),
(223, 'SERIKAT MAHASISWA MUSLIMIN INDONESIA SE-JAKARTA  (SEMMI)', '2021-01-14 20:48:04', '2021-01-14 20:48:04'),
(224, 'PENGURUS BESAR KOMUNITAS MAHASISWA PEMUDA INDEPENDEN (KOMPI)', '2021-01-14 20:48:04', '2021-01-14 20:48:04'),
(225, 'JONG RIAU ANTI KORUPSI', '2021-01-14 20:48:04', '2021-01-14 20:48:04'),
(226, 'FORUM PERGERAKAN KEADILAN NASIONAL', '2021-01-14 20:48:04', '2021-01-14 20:48:04'),
(227, 'ALIANSI MASYARAKAT SIPIL JAKARTA', '2021-01-14 20:48:04', '2021-01-14 20:48:04'),
(228, 'JARINGAN AKTIVIS NTB-JAKARTA(JAKTI NTB-JAKARTA)', '2021-01-14 20:48:04', '2021-01-14 20:48:04'),
(229, 'ORGANISASI PERUSAHAAN PENEMPATAN TENAGA KERJA INDONESIA', '2021-01-14 20:48:04', '2021-01-14 20:48:04'),
(230, 'FORUM KESATUAN DAN SOLIDARITAS JAKARTA (FOKUS JAKARTA)', '2021-01-14 20:48:04', '2021-01-14 20:48:04'),
(231, 'ALIANSI MASYARAKAT MERDEKA JAKARTA UTARA', '2021-01-14 20:48:04', '2021-01-14 20:48:04'),
(232, 'GERAKAN AKTIVIS JAKARTA', '2021-01-14 20:48:04', '2021-01-14 20:48:04'),
(233, 'GERAKAN REFORMASI JEMBER (GRJ)', '2021-01-14 20:48:04', '2021-01-14 20:48:04'),
(234, 'DPP FEDERASI BURUH TRANSPORTASI INDONESIA (FBTPI)', '2021-01-14 20:48:04', '2021-01-14 20:48:04'),
(235, 'GERAKAN MAHASISWA PEDULI BANSA (GMPB)', '2021-01-14 20:48:04', '2021-01-14 20:48:04'),
(236, 'KOMITE IWD 2019', '2021-01-14 20:48:04', '2021-01-14 20:48:04'),
(237, 'PIMPINAN PUSAT LEMBAGA PEMUDA PEMERHATI LINGKUNGAN HIDUP', '2021-01-14 20:48:04', '2021-01-14 20:48:04'),
(238, 'PENGURUS PRESIDIUM MAHASISWA MENGGUGAT (PMM)', '2021-01-14 20:48:04', '2021-01-14 20:48:04'),
(239, 'ALIANSI PEMUDA ISLAM ANTI MAKSIAT', '2021-01-14 20:48:04', '2021-01-14 20:48:04'),
(240, 'JARINGAN MAHASISWA ANTI NAKORTIKA (JAMAN)', '2021-01-14 20:48:04', '2021-01-14 20:48:04'),
(241, 'MAHASISWA ANTI FEODALISME IMERIALISME ABSURDISME (MAFIA)', '2021-01-14 20:48:04', '2021-01-14 20:48:04'),
(242, 'PENGURUS BESAR KOMUNITAS MAHASISWA PEMUDA INDEPENDEN', '2021-01-14 20:48:04', '2021-01-14 20:48:04'),
(243, 'FORUM LINTAS AKTIVIS (POLITIS) MAHASISWA JAKARTA', '2021-01-14 20:48:04', '2021-01-14 20:48:04'),
(244, 'GERAKAN MAHASISWA INDONESIA', '2021-01-14 20:48:04', '2021-01-14 20:48:04'),
(245, 'GERAKAN AKTIVIS ANTI KORUPSI (GERAK) INDONESIA', '2021-01-14 20:48:04', '2021-01-14 20:48:04'),
(246, 'PERSATUAN MAHASISWA PECINTA NKRI', '2021-01-14 20:48:04', '2021-01-14 20:48:04'),
(247, 'DPP FEDERASI BURUH TRANSPORTASI PELABUHAN INDONESIA(FBTPI)', '2021-01-14 20:48:04', '2021-01-14 20:48:04'),
(248, 'ALIANSI MAHASISWA PEDULI JAMBI(AMPJ)', '2021-01-14 20:48:04', '2021-01-14 20:48:04'),
(249, 'ALIANSI ORMAS BEKASI (AOB)', '2021-01-14 20:48:04', '2021-01-14 20:48:04'),
(250, 'GERAKAN MAHASISWA DAN PEMUDA PEDULI RAKYAT (GEMPUR)', '2021-01-14 20:48:04', '2021-01-14 20:48:04'),
(251, 'FORUM MAHASISWA DUMAI (FMD) JAKARTA', '2021-01-14 20:48:04', '2021-01-14 20:48:04'),
(252, 'GERAKAN MAHASISWA BENGKALIS JAKARTA', '2021-01-14 20:48:04', '2021-01-14 20:48:04'),
(253, 'JARINGAN AKTIVIS ANTI MALING (JANTANG)', '2021-01-14 20:48:04', '2021-01-14 20:48:04'),
(254, 'JARINGAN INTELEKTUAL HUKUM NASIONAL', '2021-01-14 20:48:04', '2021-01-14 20:48:04'),
(255, 'KOALISI MAHASISWA HUKUM INDONESIA (KOMAHI)', '2021-01-14 20:48:04', '2021-01-14 20:48:04'),
(256, 'KOALISI MAHASISWA ISLAM INDONESIA(KMII)', '2021-01-14 20:48:04', '2021-01-14 20:48:04'),
(257, 'PERKUMPULAN GERAKAN AKTIVIS', '2021-01-14 20:48:04', '2021-01-14 20:48:04'),
(258, 'PERGERAKAN MAHASISWA BERANTAS KORUPSI', '2021-01-14 20:48:04', '2021-01-14 20:48:04'),
(259, 'TANGERANG RAYA INSTITUE (TRAINS)', '2021-01-14 20:48:04', '2021-01-14 20:48:04'),
(260, 'ALIANSI MAHASISWA SELAMATKAN INDONESIA', '2021-01-14 20:48:04', '2021-01-14 20:48:04'),
(261, 'ALIANSI PEMUDA - MAHASISWA ANTI MAFIA (APMAM)', '2021-01-14 20:48:04', '2021-01-14 20:48:04'),
(262, 'ALIANSI PEMUDA DAN MAHASISWA INDONESIA (APMI)', '2021-01-14 20:48:04', '2021-01-14 20:48:04'),
(263, 'FORUM AKTIVIS BERANTAS KORUPSI', '2021-01-14 20:48:04', '2021-01-14 20:48:04'),
(264, 'GERAKAN MAHASISWA DAN PEMUDA PEJUANG KEADILAN (GMPPK)', '2021-01-14 20:48:04', '2021-01-14 20:48:04'),
(265, 'GERAKAN MAHASISWA MILENIAL', '2021-01-14 20:48:04', '2021-01-14 20:48:04'),
(266, 'GERAKAN MAHASISWA PEDULI KEADILAN (GEMA KEADILAN)', '2021-01-14 20:48:04', '2021-01-14 20:48:04'),
(267, 'GERAKAN PEMBELA KEADILAN', '2021-01-14 20:48:04', '2021-01-14 20:48:04'),
(268, 'GERAKAN PEMUDA SELAMATKAN INDONESIA', '2021-01-14 20:48:04', '2021-01-14 20:48:04'),
(269, 'HIMPUNAN MAHASISWA ISLAM (HMI) CAB BEKASI', '2021-01-14 20:48:04', '2021-01-14 20:48:04'),
(270, 'HIMPINAN MAHASISWA ISLAM (HMI)', '2021-01-14 20:48:04', '2021-01-14 20:48:04'),
(271, 'KOMITE PEMANTAU PEMBANGUNAN INFRASTRUKTUR INDONESIA (KPPII)', '2021-01-14 20:48:04', '2021-01-14 20:48:04'),
(272, 'KOMUNITAS AKSI PEMUDA MAHASISWA ANTI KORUPSI (KAMPAK) MERAH PUTIH', '2021-01-14 20:48:04', '2021-01-14 20:48:04'),
(273, 'KORPS MAHASISWA GERAKAN PEMUDA ISLAM INDONESIA (GPII)', '2021-01-14 20:48:04', '2021-01-14 20:48:04'),
(274, 'LEMBAGA PEMBERANTASAN PROSTITUSI DAN PERLINDUNGAN ANAK (LP3A)', '2021-01-14 20:48:04', '2021-01-14 20:48:04'),
(275, 'LINGKAR STUDI MAHASISWA INDONESIA (LSMI)', '2021-01-14 20:48:04', '2021-01-14 20:48:04'),
(276, 'PB SERIKAT MAHASISWA MUSLIMIN INDONESIA (SEMMI)', '2021-01-14 20:48:04', '2021-01-14 20:48:04'),
(277, 'GERAKAN PEMUDA PEMUDI NUSANTARA (GPPN)', '2021-01-14 20:48:04', '2021-01-14 20:48:04'),
(278, 'IKATAN KELUARGA MAHASISWA BANTEN (KMB)', '2021-01-14 20:48:04', '2021-01-14 20:48:04'),
(279, 'PERSATUAN PERJUANGAN AKTIVIS INDONESIA (PPAI)', '2021-01-14 20:48:04', '2021-01-14 20:48:04'),
(280, 'KOMITE PEMBEBASAN AL-AQSO', '2021-01-14 20:48:04', '2021-01-14 20:48:04'),
(281, 'JARINGAN INTELEKTUAL HUKUM', '2021-01-14 20:48:04', '2021-01-14 20:48:04'),
(282, 'GERAKAN PRO KEADILAN (GERPIK)', '2021-01-14 20:48:04', '2021-01-14 20:48:04'),
(283, 'GERAKAN PEMANTAU PEMBANGUNAN INSFRASTRUKTUR INDONESIA (GPPI)', '2021-01-14 20:48:04', '2021-01-14 20:48:04'),
(284, 'FRONT AKTIVIS BERANTAS PROSTITUSI', '2021-01-14 20:48:04', '2021-01-14 20:48:04'),
(285, 'ALIANSI MAHASISWA SELAMATKAN INDONESIA\n(AMANAT)', '2021-01-14 20:48:04', '2021-01-14 20:48:04'),
(286, 'SERIKAT PEKERJA METAL BERSATU PT HRS (PT SPMB PT HRS INDONESIA)', '2021-01-14 20:48:04', '2021-01-14 20:48:04'),
(287, 'MAJELIS PEMUDA INDEPENDEN (MPI)', '2021-01-14 20:48:04', '2021-01-14 20:48:04'),
(288, 'FEDERASI BURUH TRANSPORTASI PELABUHAN INDONESIA\n(FBTPI)', '2021-01-14 20:48:04', '2021-01-14 20:48:04'),
(289, 'SERIKAT PEKERJA METAL BERSATU PT. HRS INDONESIA', '2021-01-14 20:48:04', '2021-01-14 20:48:04'),
(290, 'KOMITE NASIONAL PEMUDA INDONESIA (DPP KNPI)', '2021-01-14 20:48:04', '2021-01-14 20:48:04'),
(291, 'GERAKAN MAHASISWA NASIONAL (GONAS)', '2021-01-14 20:48:04', '2021-01-14 20:48:04'),
(292, 'MAHASISWA MILENIAL INDONESIA (MMI)', '2021-01-14 20:48:04', '2021-01-14 20:48:04'),
(293, 'ALIANSI PEMERHATI KONSUMEN (APIK INDONESIA)', '2021-01-14 20:48:04', '2021-01-14 20:48:04'),
(294, 'ALIANSI MAHASISWA PENEGAK KEADILAN (AMPK)', '2021-01-14 20:48:04', '2021-01-14 20:48:04'),
(295, 'GERAKAN MAHASISWA INDONESIA (GMI)', '2021-01-14 20:48:04', '2021-01-14 20:48:04'),
(296, 'LSM PEMANTAU KINERJA APARATUR NEGARA INDONESIA', '2021-01-14 20:48:04', '2021-01-14 20:48:04'),
(297, 'IKATAN MAHASISWA TANAH PAPUA (IMATAPA)', '2021-01-14 20:48:04', '2021-01-14 20:48:04'),
(298, 'GERAKAN RAKYAT MENGGUGAT (GERAM-JAMBI)', '2021-01-14 20:48:04', '2021-01-14 20:48:04'),
(299, 'KOMITE MAHASISWA DAN PEMUDA REFORMASI (KMP-REFORMASI)', '2021-01-14 20:48:04', '2021-01-14 20:48:04'),
(300, 'KOORDINATRO WILAYAH DKI JAKARTA KONFEDERASI SERIKAT BURUH SELURUH INDONESIA (KSBSI)', '2021-01-14 20:48:04', '2021-01-14 20:48:04'),
(301, 'GERAKAN MAHASISWA PEDULI MASYARAKAT (GEMPAR)', '2021-01-14 20:48:04', '2021-01-14 20:48:04'),
(302, 'GEMA MUSLIM INDONESIA (GMI)', '2021-01-14 20:48:04', '2021-01-14 20:48:04'),
(303, 'ALIANSI OKP SE-DKI JAKARTA\n(PW KAMMI DKI JAKARTA, PW HIMA PERSIS DKI JAKARTA, DPD IMM DKI JAKARTA, PW KMHDI DKI JAKARTA, BADKO HMI JABODETABEKA BANTEN, PW GPPB DKI JAKARTA, HIKMAHBUDDHI SE-DKI JAKARTA)', '2021-01-14 20:48:04', '2021-01-14 20:48:04'),
(304, 'GERAKAN LAWAN MAFIA KARTEL (GLMK)', '2021-01-14 20:48:04', '2021-01-14 20:48:04'),
(305, 'GERAKAN RAKYAT PEMBELA TANAH AIR (GERAPANA)', '2021-01-14 20:48:04', '2021-01-14 20:48:04'),
(306, 'FORUM MAHASISWA PEDULI TRANSPORTASI (FMPT)', '2021-01-14 20:48:04', '2021-01-14 20:48:04'),
(307, 'IKATAN MAHASISWA DAN PEMUDA PEDULI KONSUMEN', '2021-01-14 20:48:04', '2021-01-14 20:48:04'),
(308, 'KOALISI MAHASISWA INDONESIA MENGGUGAT', '2021-01-14 20:48:04', '2021-01-14 20:48:04'),
(309, 'ALIANSI REVOLUSI MAHASISWA INDONESIA', '2021-01-14 20:48:04', '2021-01-14 20:48:04'),
(310, 'NUSANTARA ANTI KORUPSI', '2021-01-14 20:48:04', '2021-01-14 20:48:04'),
(311, 'SERIKAT MAHASISWA MUSLIMIN INDONESIA (SEMMI)', '2021-01-14 20:48:04', '2021-01-14 20:48:04'),
(312, '', '2021-01-14 20:48:04', '2021-01-14 20:48:04');

-- --------------------------------------------------------

--
-- Table structure for table `allience_pic`
--

CREATE TABLE `allience_pic` (
  `id` bigint(20) UNSIGNED NOT NULL,
  `name` longtext COLLATE utf8mb4_unicode_ci NOT NULL,
  `phone` longtext COLLATE utf8mb4_unicode_ci DEFAULT NULL,
  `id_allience` bigint(20) UNSIGNED NOT NULL,
  `created_at` timestamp NULL DEFAULT NULL,
  `updated_at` timestamp NULL DEFAULT NULL
) ENGINE=InnoDB DEFAULT CHARSET=utf8mb4 COLLATE=utf8mb4_unicode_ci;

--
-- Dumping data for table `allience_pic`
--

INSERT INTO `allience_pic` (`id`, `name`, `phone`, `id_allience`, `created_at`, `updated_at`) VALUES
(1, 'ALI LOILATU1', '081294654060', 1, '2021-01-14 20:48:04', '2021-01-20 08:57:56'),
(2, 'FAGIH RAHANGIAR', '082298944322', 2, '2021-01-14 20:48:04', '2021-01-14 20:48:04'),
(3, '', '081288478980', 2, '2021-01-14 20:48:04', '2021-01-14 20:48:04'),
(4, 'RISAL ABJAN', '082292022313', 3, '2021-01-14 20:48:04', '2021-01-14 20:48:04'),
(5, 'FAJAR JUNIANTO', '087874386730', 4, '2021-01-14 20:48:04', '2021-01-14 20:48:04'),
(6, 'INDRA PERMANA', NULL, 5, '2021-01-14 20:48:04', '2021-01-14 20:48:04'),
(7, 'ZAENAL', NULL, 6, '2021-01-14 20:48:04', '2021-01-14 20:48:04'),
(8, 'EGA JANUAR', NULL, 7, '2021-01-14 20:48:04', '2021-01-14 20:48:04'),
(9, 'KRISTOPORUS NUSA', NULL, 8, '2021-01-14 20:48:04', '2021-01-14 20:48:04'),
(10, 'IRWANSYAH', NULL, 9, '2021-01-14 20:48:04', '2021-01-14 20:48:04'),
(11, 'MEY HARDIE', NULL, 10, '2021-01-14 20:48:04', '2021-01-14 20:48:04'),
(12, 'ANDITO ARIOSETO', '081315626172', 11, '2021-01-14 20:48:04', '2021-01-14 20:48:04'),
(13, 'WELLY AKSA', NULL, 12, '2021-01-14 20:48:04', '2021-01-14 20:48:04'),
(14, 'AHMAD WATNGIL', NULL, 13, '2021-01-14 20:48:04', '2021-01-14 20:48:04'),
(15, 'RUSMAN', NULL, 14, '2021-01-14 20:48:04', '2021-01-14 20:48:04'),
(16, 'GUNTUR ADITYA', NULL, 15, '2021-01-14 20:48:04', '2021-01-14 20:48:04'),
(17, 'MUHAMMAD GHOFI', NULL, 16, '2021-01-14 20:48:04', '2021-01-14 20:48:04'),
(18, 'M RISAL ABJAN', NULL, 17, '2021-01-14 20:48:04', '2021-01-14 20:48:04'),
(19, 'DANIEL SEPTIAN', NULL, 18, '2021-01-14 20:48:04', '2021-01-14 20:48:04'),
(20, 'AHMAD HUSEN', NULL, 19, '2021-01-14 20:48:04', '2021-01-14 20:48:04'),
(21, 'M AFANDI', NULL, 20, '2021-01-14 20:48:04', '2021-01-14 20:48:04'),
(22, 'HENDRI', NULL, 21, '2021-01-14 20:48:04', '2021-01-14 20:48:04'),
(23, 'FAHRI WAEL', NULL, 22, '2021-01-14 20:48:04', '2021-01-14 20:48:04'),
(24, 'RUSDI BICARA', NULL, 23, '2021-01-14 20:48:04', '2021-01-14 20:48:04'),
(25, 'AINUN NAJIB', NULL, 24, '2021-01-14 20:48:04', '2021-01-14 20:48:04'),
(26, 'FARHAN', NULL, 25, '2021-01-14 20:48:04', '2021-01-14 20:48:04'),
(27, 'CARLOS WAWO', NULL, 26, '2021-01-14 20:48:04', '2021-01-14 20:48:04'),
(28, 'HAGI RIZKY', NULL, 27, '2021-01-14 20:48:04', '2021-01-14 20:48:04'),
(29, 'ABDUL RAZAK', NULL, 28, '2021-01-14 20:48:04', '2021-01-14 20:48:04'),
(30, 'RINALDI', NULL, 29, '2021-01-14 20:48:04', '2021-01-14 20:48:04'),
(31, 'JAIS', NULL, 30, '2021-01-14 20:48:04', '2021-01-14 20:48:04'),
(32, 'UTOYO OSMAN', NULL, 31, '2021-01-14 20:48:04', '2021-01-14 20:48:04'),
(33, 'UTOYO OSMAN', NULL, 32, '2021-01-14 20:48:04', '2021-01-14 20:48:04'),
(34, 'NANA SUPRIATNA HADIWINATA', NULL, 33, '2021-01-14 20:48:04', '2021-01-14 20:48:04'),
(35, 'APRIYANTI', NULL, 34, '2021-01-14 20:48:04', '2021-01-14 20:48:04'),
(36, 'ABDUL GOFUR', NULL, 35, '2021-01-14 20:48:04', '2021-01-14 20:48:04'),
(37, 'ZAINUDIN', NULL, 36, '2021-01-14 20:48:04', '2021-01-14 20:48:04'),
(38, 'SUJAK SUPRIYADI', NULL, 37, '2021-01-14 20:48:04', '2021-01-14 20:48:04'),
(39, 'GUFRON', NULL, 38, '2021-01-14 20:48:04', '2021-01-14 20:48:04'),
(40, 'MARCEL SUDRJA', NULL, 39, '2021-01-14 20:48:04', '2021-01-14 20:48:04'),
(41, 'AINUR RIDHA', NULL, 40, '2021-01-14 20:48:04', '2021-01-14 20:48:04'),
(42, 'ABD. RIFAI BASIR', NULL, 41, '2021-01-14 20:48:04', '2021-01-14 20:48:04'),
(43, 'ASRI LESILAWANG', NULL, 42, '2021-01-14 20:48:04', '2021-01-14 20:48:04'),
(44, 'MOH. HAPIT', NULL, 43, '2021-01-14 20:48:04', '2021-01-14 20:48:04'),
(45, 'AINUR RIDHA', NULL, 44, '2021-01-14 20:48:04', '2021-01-14 20:48:04'),
(46, 'ABDUS SALAM', NULL, 45, '2021-01-14 20:48:04', '2021-01-14 20:48:04'),
(47, 'RAHMAT AZYAD', NULL, 46, '2021-01-14 20:48:04', '2021-01-14 20:48:04'),
(48, 'FAJRIN LABADA', NULL, 47, '2021-01-14 20:48:04', '2021-01-14 20:48:04'),
(49, 'YABAN IBNU', NULL, 48, '2021-01-14 20:48:04', '2021-01-14 20:48:04'),
(50, 'RAJA OLOAN RAMBE', NULL, 49, '2021-01-14 20:48:04', '2021-01-14 20:48:04'),
(51, 'IRFAN SAUDI', NULL, 50, '2021-01-14 20:48:04', '2021-01-14 20:48:04'),
(52, 'AHMAD FATSEY', NULL, 51, '2021-01-14 20:48:04', '2021-01-14 20:48:04'),
(53, 'SALIM', NULL, 52, '2021-01-14 20:48:04', '2021-01-14 20:48:04'),
(54, 'FARID', NULL, 53, '2021-01-14 20:48:04', '2021-01-14 20:48:04'),
(55, 'MAULANA AHMAD', NULL, 54, '2021-01-14 20:48:04', '2021-01-14 20:48:04'),
(56, 'SALIM TUBAKA', NULL, 55, '2021-01-14 20:48:04', '2021-01-14 20:48:04'),
(57, 'MEGA MENDUNG', NULL, 56, '2021-01-14 20:48:04', '2021-01-14 20:48:04'),
(58, 'FIKRAN', NULL, 57, '2021-01-14 20:48:04', '2021-01-14 20:48:04'),
(59, 'SUMARSIH', NULL, 58, '2021-01-14 20:48:04', '2021-01-14 20:48:04'),
(60, 'MELI', '081319364285', 6, '2021-01-14 20:48:04', '2021-01-14 20:48:04'),
(61, 'ANDY MUHAMMAD RIFALDY', '081222223007', 59, '2021-01-14 20:48:04', '2021-01-14 20:48:04'),
(62, 'ZUHRI', '081219102875', 60, '2021-01-14 20:48:04', '2021-01-14 20:48:04'),
(63, 'FADLI', '081384838508', 61, '2021-01-14 20:48:04', '2021-01-14 20:48:04'),
(64, 'VERY ANDIKA', '081384838508', 62, '2021-01-14 20:48:04', '2021-01-14 20:48:04'),
(65, 'RIFALDI', '082199406053', 63, '2021-01-14 20:48:04', '2021-01-14 20:48:04'),
(66, 'RUSDI BICARA', '081210361245', 23, '2021-01-14 20:48:04', '2021-01-14 20:48:04'),
(67, 'DANDI MUTHALIB', '08118711181', 64, '2021-01-14 20:48:04', '2021-01-14 20:48:04'),
(68, 'ALGADRI ISMAIL', '082112596492', 65, '2021-01-14 20:48:04', '2021-01-14 20:48:04'),
(69, 'HALID HABALETA', '085738913659', 66, '2021-01-14 20:48:04', '2021-01-14 20:48:04'),
(70, 'CEPI', NULL, 67, '2021-01-14 20:48:04', '2021-01-14 20:48:04'),
(71, 'AGUNG TAMHER', '085219311616', 68, '2021-01-14 20:48:04', '2021-01-14 20:48:04'),
(72, 'M SALEH', '081317811386', 69, '2021-01-14 20:48:04', '2021-01-14 20:48:04'),
(73, 'ANDI MUHAMMAD RIFALDY', '081222223007', 70, '2021-01-14 20:48:04', '2021-01-14 20:48:04'),
(74, 'INDRA PERMANA', NULL, 71, '2021-01-14 20:48:04', '2021-01-14 20:48:04'),
(75, 'HALID HABALETA', NULL, 66, '2021-01-14 20:48:04', '2021-01-14 20:48:04'),
(76, 'FAHMI RENIWURJAAN', '081240297155', 72, '2021-01-14 20:48:04', '2021-01-14 20:48:04'),
(77, 'AHMAD ANDI', '082294408134', 73, '2021-01-14 20:48:04', '2021-01-14 20:48:04'),
(78, 'DONNY', '081296080349', 74, '2021-01-14 20:48:04', '2021-01-14 20:48:04'),
(79, 'FACHRI AHMAD', '081286887857', 75, '2021-01-14 20:48:04', '2021-01-14 20:48:04'),
(80, 'FARHAN', '087700757307', 76, '2021-01-14 20:48:04', '2021-01-14 20:48:04'),
(81, 'HAIYAN SULFI', '081292568602', 77, '2021-01-14 20:48:04', '2021-01-14 20:48:04'),
(82, 'SENNA', '0895635922876', 78, '2021-01-14 20:48:04', '2021-01-14 20:48:04'),
(83, 'ABD. RIFAI BASIR', NULL, 79, '2021-01-14 20:48:04', '2021-01-14 20:48:04'),
(84, 'ARI RETTOB', '081287965029', 80, '2021-01-14 20:48:04', '2021-01-14 20:48:04'),
(85, 'HIDAYAT', '085780386918', 81, '2021-01-14 20:48:04', '2021-01-14 20:48:04'),
(86, 'FIKRAN SULEMAN', '081225184378', 57, '2021-01-14 20:48:04', '2021-01-14 20:48:04'),
(87, 'MELI', NULL, 6, '2021-01-14 20:48:04', '2021-01-14 20:48:04'),
(88, 'MUHAMMAD FARID', NULL, 82, '2021-01-14 20:48:04', '2021-01-14 20:48:04'),
(89, 'SARJONO', NULL, 83, '2021-01-14 20:48:04', '2021-01-14 20:48:04'),
(90, 'AHMAD', NULL, 84, '2021-01-14 20:48:04', '2021-01-14 20:48:04'),
(91, 'RAHBAR AYATULLAH', NULL, 85, '2021-01-14 20:48:04', '2021-01-14 20:48:04'),
(92, 'M AFANDI', NULL, 86, '2021-01-14 20:48:04', '2021-01-14 20:48:04'),
(93, 'ADIM RAJAK', NULL, 87, '2021-01-14 20:48:04', '2021-01-14 20:48:04'),
(94, 'M YUSRIL KAMARULLA', NULL, 88, '2021-01-14 20:48:04', '2021-01-14 20:48:04'),
(95, 'MAKO WAEMESE', NULL, 89, '2021-01-14 20:48:04', '2021-01-14 20:48:04'),
(96, 'RISAL ABJAN', NULL, 17, '2021-01-14 20:48:04', '2021-01-14 20:48:04'),
(97, 'ALI HASAN', NULL, 90, '2021-01-14 20:48:04', '2021-01-14 20:48:04'),
(98, 'LAHTAM LANDALE', NULL, 88, '2021-01-14 20:48:04', '2021-01-14 20:48:04'),
(99, 'ZULFIKAR', NULL, 91, '2021-01-14 20:48:04', '2021-01-14 20:48:04'),
(100, 'AHMAD NUR KERLEY', NULL, 92, '2021-01-14 20:48:04', '2021-01-14 20:48:04'),
(101, 'YONS EBIT', '081283052267', 8, '2021-01-14 20:48:04', '2021-01-14 20:48:04'),
(102, 'FELIX MARTUAH', NULL, 93, '2021-01-14 20:48:04', '2021-01-14 20:48:04'),
(103, 'SWELLENG ADAM', NULL, 94, '2021-01-14 20:48:04', '2021-01-14 20:48:04'),
(104, 'OTOYO OSMAN PELLU', NULL, 95, '2021-01-14 20:48:04', '2021-01-14 20:48:04'),
(105, 'FADLY', NULL, 62, '2021-01-14 20:48:04', '2021-01-14 20:48:04'),
(106, 'BAHAR', NULL, 96, '2021-01-14 20:48:04', '2021-01-14 20:48:04'),
(107, 'RIZAL FAHREVI', NULL, 97, '2021-01-14 20:48:04', '2021-01-14 20:48:04'),
(108, 'FARHAN', NULL, 76, '2021-01-14 20:48:04', '2021-01-14 20:48:04'),
(109, 'VINO', NULL, 98, '2021-01-14 20:48:04', '2021-01-14 20:48:04'),
(110, 'M SUBHAN VERRU', NULL, 99, '2021-01-14 20:48:04', '2021-01-14 20:48:04'),
(111, 'ALIM USEMAHU', NULL, 100, '2021-01-14 20:48:04', '2021-01-14 20:48:04'),
(112, 'M AFANDI', NULL, 101, '2021-01-14 20:48:04', '2021-01-14 20:48:04'),
(113, 'IRFAN SAUDI', NULL, 102, '2021-01-14 20:48:04', '2021-01-14 20:48:04'),
(114, 'ABDUL MUHYI', NULL, 103, '2021-01-14 20:48:04', '2021-01-14 20:48:04'),
(115, 'EKO SURYA SETIADI', NULL, 104, '2021-01-14 20:48:04', '2021-01-14 20:48:04'),
(116, 'STEVEN IWANGGIN', NULL, 105, '2021-01-14 20:48:04', '2021-01-14 20:48:04'),
(117, 'JULIUS', NULL, 106, '2021-01-14 20:48:04', '2021-01-14 20:48:04'),
(118, 'KUSDIONO', NULL, 107, '2021-01-14 20:48:04', '2021-01-14 20:48:04'),
(119, 'RONI RUMUAR', NULL, 108, '2021-01-14 20:48:04', '2021-01-14 20:48:04'),
(120, 'SUBANDI', NULL, 109, '2021-01-14 20:48:04', '2021-01-14 20:48:04'),
(121, 'HISBULLAH AZIS', NULL, 110, '2021-01-14 20:48:04', '2021-01-14 20:48:04'),
(122, 'MINANUR RAHMAN', NULL, 111, '2021-01-14 20:48:04', '2021-01-14 20:48:04'),
(123, 'AINUR RIDHA', NULL, 112, '2021-01-14 20:48:04', '2021-01-14 20:48:04'),
(124, 'ALGADRI', NULL, 113, '2021-01-14 20:48:04', '2021-01-14 20:48:04'),
(125, 'AHMAT FATSEY', NULL, 62, '2021-01-14 20:48:04', '2021-01-14 20:48:04'),
(126, 'GUFRON', NULL, 114, '2021-01-14 20:48:04', '2021-01-14 20:48:04'),
(127, 'M AFANDI', NULL, 115, '2021-01-14 20:48:04', '2021-01-14 20:48:04'),
(128, 'M FAKHRY', NULL, 116, '2021-01-14 20:48:04', '2021-01-14 20:48:04'),
(129, 'SYAHRIL', NULL, 117, '2021-01-14 20:48:04', '2021-01-14 20:48:04'),
(130, 'IRWAN', NULL, 118, '2021-01-14 20:48:04', '2021-01-14 20:48:04'),
(131, 'HALYAN SULFI', NULL, 119, '2021-01-14 20:48:04', '2021-01-14 20:48:04'),
(132, 'MUAMAR RAFSANJANNIWA', NULL, 73, '2021-01-14 20:48:04', '2021-01-14 20:48:04'),
(133, 'MIFTAH ANTARIES', NULL, 120, '2021-01-14 20:48:04', '2021-01-14 20:48:04'),
(134, 'AMAY', NULL, 121, '2021-01-14 20:48:04', '2021-01-14 20:48:04'),
(135, 'MUAMAR RAFSANJANNIWA', NULL, 48, '2021-01-14 20:48:04', '2021-01-14 20:48:04'),
(136, 'REINDYKA DONALD', NULL, 122, '2021-01-14 20:48:04', '2021-01-14 20:48:04'),
(137, 'FAIZAL J NGABALIN', NULL, 123, '2021-01-14 20:48:04', '2021-01-14 20:48:04'),
(138, 'BAMBANG PASI', NULL, 124, '2021-01-14 20:48:04', '2021-01-14 20:48:04'),
(139, 'ISMAIL MATTARIMA', NULL, 125, '2021-01-14 20:48:04', '2021-01-14 20:48:04'),
(140, 'H. ABDUL BAIS, SE', NULL, 126, '2021-01-14 20:48:04', '2021-01-14 20:48:04'),
(141, 'SUNOTO', NULL, 127, '2021-01-14 20:48:04', '2021-01-14 20:48:04'),
(142, 'EKO SURYA SETIADI', NULL, 128, '2021-01-14 20:48:04', '2021-01-14 20:48:04'),
(143, 'M FIRMANSYAH', NULL, 129, '2021-01-14 20:48:04', '2021-01-14 20:48:04'),
(144, '', NULL, 106, '2021-01-14 20:48:04', '2021-01-14 20:48:04'),
(145, 'ABDUL RACHMAN', NULL, 130, '2021-01-14 20:48:04', '2021-01-14 20:48:04'),
(146, 'MAIKEL RUMAROPEN', NULL, 131, '2021-01-14 20:48:04', '2021-01-14 20:48:04'),
(147, 'ISMAIL', NULL, 132, '2021-01-14 20:48:04', '2021-01-14 20:48:04'),
(148, 'ACHMAD FADILLAH ADAMY', NULL, 43, '2021-01-14 20:48:04', '2021-01-14 20:48:04'),
(149, 'HASBI SELASA', NULL, 88, '2021-01-14 20:48:04', '2021-01-14 20:48:04'),
(150, 'AHMAD SANY', NULL, 133, '2021-01-14 20:48:04', '2021-01-14 20:48:04'),
(151, 'JUHRI', NULL, 134, '2021-01-14 20:48:04', '2021-01-14 20:48:04'),
(152, 'RAMLAN', NULL, 135, '2021-01-14 20:48:04', '2021-01-14 20:48:04'),
(153, 'WAWAN SUPRIANDI', NULL, 136, '2021-01-14 20:48:04', '2021-01-14 20:48:04'),
(154, 'SEPTIAN', NULL, 137, '2021-01-14 20:48:04', '2021-01-14 20:48:04'),
(155, 'M ABDUL MUHYI', NULL, 138, '2021-01-14 20:48:04', '2021-01-14 20:48:04'),
(156, 'M FIRMANSYAH', '087878856386', 129, '2021-01-14 20:48:04', '2021-01-14 20:48:04'),
(157, 'MOH. HAPIR', '085817779091', 139, '2021-01-14 20:48:04', '2021-01-14 20:48:04'),
(158, 'HUSEN', '088212212069', 140, '2021-01-14 20:48:04', '2021-01-14 20:48:04'),
(159, 'IRFAN SAUDI', '081282099902', 141, '2021-01-14 20:48:04', '2021-01-14 20:48:04'),
(160, 'ALGADRI ISMAIL', '081355707990', 142, '2021-01-14 20:48:04', '2021-01-14 20:48:04'),
(161, 'MINANUR RAHMAN', '081586083674', 143, '2021-01-14 20:48:04', '2021-01-14 20:48:04'),
(162, 'INDRA TASANE', '081584551109', 144, '2021-01-14 20:48:04', '2021-01-14 20:48:04'),
(163, 'VERY ANDIK', '081384838508', 62, '2021-01-14 20:48:04', '2021-01-14 20:48:04'),
(164, 'AKBAR AINUL YAKIN', '082342242383', 11, '2021-01-14 20:48:04', '2021-01-14 20:48:04'),
(165, 'FAJRIL WAEL', '081344395672', 145, '2021-01-14 20:48:04', '2021-01-14 20:48:04'),
(166, 'KHAIRUL ANWAR', '081282123086', 146, '2021-01-14 20:48:04', '2021-01-14 20:48:04'),
(167, 'DEDI SIREGAR', '081296191995', 147, '2021-01-14 20:48:04', '2021-01-14 20:48:04'),
(168, 'KH AHMAD MUSTOFA', NULL, 148, '2021-01-14 20:48:04', '2021-01-14 20:48:04'),
(169, 'IR. HOD MARPAUNG', NULL, 149, '2021-01-14 20:48:04', '2021-01-14 20:48:04'),
(170, 'H. M. HASAN SIREGAR', NULL, 150, '2021-01-14 20:48:04', '2021-01-14 20:48:04'),
(171, 'AINUN NAJIB', NULL, 111, '2021-01-14 20:48:04', '2021-01-14 20:48:04'),
(172, 'M ZIKRI', NULL, 151, '2021-01-14 20:48:04', '2021-01-14 20:48:04'),
(173, 'RUSDI BICARA', NULL, 152, '2021-01-14 20:48:04', '2021-01-14 20:48:04'),
(174, 'OKTA CANDRA', NULL, 153, '2021-01-14 20:48:04', '2021-01-14 20:48:04'),
(175, 'RAHMAN', NULL, 154, '2021-01-14 20:48:04', '2021-01-14 20:48:04'),
(176, 'AHMAD WATNGIL', NULL, 155, '2021-01-14 20:48:04', '2021-01-14 20:48:04'),
(177, 'ERLANGGA', NULL, 110, '2021-01-14 20:48:04', '2021-01-14 20:48:04'),
(178, 'HALID HAMJA', NULL, 135, '2021-01-14 20:48:04', '2021-01-14 20:48:04'),
(179, 'BINSON PURBA', NULL, 156, '2021-01-14 20:48:04', '2021-01-14 20:48:04'),
(180, 'HALYAN SULFI', NULL, 157, '2021-01-14 20:48:04', '2021-01-14 20:48:04'),
(181, 'HALYAN SULFI', NULL, 63, '2021-01-14 20:48:04', '2021-01-14 20:48:04'),
(182, 'RAJUL', NULL, 158, '2021-01-14 20:48:04', '2021-01-14 20:48:04'),
(183, 'RISWAN', NULL, 65, '2021-01-14 20:48:04', '2021-01-14 20:48:04'),
(184, 'M. LOILATU', NULL, 159, '2021-01-14 20:48:04', '2021-01-14 20:48:04'),
(185, 'JOHANES RAJAGUKGUK', NULL, 160, '2021-01-14 20:48:04', '2021-01-14 20:48:04'),
(186, 'M HANIF', NULL, 161, '2021-01-14 20:48:04', '2021-01-14 20:48:04'),
(187, 'RIYANDI', NULL, 162, '2021-01-14 20:48:04', '2021-01-14 20:48:04'),
(188, 'ABD. RIFAI', NULL, 50, '2021-01-14 20:48:04', '2021-01-14 20:48:04'),
(189, 'ILHAM', NULL, 163, '2021-01-14 20:48:04', '2021-01-14 20:48:04'),
(190, 'ROKUB SAPUTRA', NULL, 164, '2021-01-14 20:48:04', '2021-01-14 20:48:04'),
(191, 'KOKOM KOMALAWATI', NULL, 165, '2021-01-14 20:48:04', '2021-01-14 20:48:04'),
(192, 'BINSON PURBA', NULL, 166, '2021-01-14 20:48:04', '2021-01-14 20:48:04'),
(193, 'HARI SETIADI', '081808673727', 167, '2021-01-14 20:48:04', '2021-01-14 20:48:04'),
(194, 'CHRIYSMON GULTOM', NULL, 168, '2021-01-14 20:48:04', '2021-01-14 20:48:04'),
(195, 'SAHRIR JAMSIN', NULL, 169, '2021-01-14 20:48:04', '2021-01-14 20:48:04'),
(196, 'SAMSUDIN SAMAN', NULL, 170, '2021-01-14 20:48:04', '2021-01-14 20:48:04'),
(197, 'ABU HAIDAR', NULL, 171, '2021-01-14 20:48:04', '2021-01-14 20:48:04'),
(198, 'PENRI SITOMPUL', NULL, 172, '2021-01-14 20:48:04', '2021-01-14 20:48:04'),
(199, 'NATSIR', NULL, 173, '2021-01-14 20:48:04', '2021-01-14 20:48:04'),
(200, 'ROBBY GUSTIA', NULL, 174, '2021-01-14 20:48:04', '2021-01-14 20:48:04'),
(201, 'FAGI', NULL, 175, '2021-01-14 20:48:04', '2021-01-14 20:48:04'),
(202, 'DIKRUN', NULL, 176, '2021-01-14 20:48:04', '2021-01-14 20:48:04'),
(203, 'RISAL ABJAN', NULL, 177, '2021-01-14 20:48:04', '2021-01-14 20:48:04'),
(204, 'RAHMAN', NULL, 178, '2021-01-14 20:48:04', '2021-01-14 20:48:04'),
(205, 'HANS', NULL, 179, '2021-01-14 20:48:04', '2021-01-14 20:48:04'),
(206, 'ABDULLAH', NULL, 180, '2021-01-14 20:48:04', '2021-01-14 20:48:04'),
(207, 'ALI IMRON', NULL, 181, '2021-01-14 20:48:04', '2021-01-14 20:48:04'),
(208, 'ISMAIL BAHTA', NULL, 182, '2021-01-14 20:48:04', '2021-01-14 20:48:04'),
(209, 'YAMIN', NULL, 183, '2021-01-14 20:48:04', '2021-01-14 20:48:04'),
(210, 'ALI LOILATU', NULL, 184, '2021-01-14 20:48:04', '2021-01-14 20:48:04'),
(211, 'SUDIONO', NULL, 185, '2021-01-14 20:48:04', '2021-01-14 20:48:04'),
(212, '', NULL, 186, '2021-01-14 20:48:04', '2021-01-14 20:48:04'),
(213, 'BAHAR', NULL, 187, '2021-01-14 20:48:04', '2021-01-14 20:48:04'),
(214, 'IMAM HANAFI', NULL, 116, '2021-01-14 20:48:04', '2021-01-14 20:48:04'),
(215, 'UTOYO USMAN', NULL, 188, '2021-01-14 20:48:04', '2021-01-14 20:48:04'),
(216, 'GASIM YAUR', NULL, 189, '2021-01-14 20:48:04', '2021-01-14 20:48:04'),
(217, 'FAUZAN OHORELLA', NULL, 190, '2021-01-14 20:48:04', '2021-01-14 20:48:04'),
(218, 'FAHMI', NULL, 191, '2021-01-14 20:48:04', '2021-01-14 20:48:04'),
(219, 'ZULFIKAR', NULL, 90, '2021-01-14 20:48:04', '2021-01-14 20:48:04'),
(220, 'RUSDI BICARA', '081210361245', 192, '2021-01-14 20:48:04', '2021-01-14 20:48:04'),
(221, 'ALI HASAN', NULL, 91, '2021-01-14 20:48:04', '2021-01-14 20:48:04'),
(222, 'ANDI SAPUTRA', NULL, 193, '2021-01-14 20:48:04', '2021-01-14 20:48:04'),
(223, 'RUSDI BICARA', NULL, 194, '2021-01-14 20:48:04', '2021-01-14 20:48:04'),
(224, 'RUSMAN', NULL, 195, '2021-01-14 20:48:04', '2021-01-14 20:48:04'),
(225, 'ASRUL SANI', NULL, 196, '2021-01-14 20:48:04', '2021-01-14 20:48:04'),
(226, 'M ANDI', NULL, 197, '2021-01-14 20:48:04', '2021-01-14 20:48:04'),
(227, 'BANDI', NULL, 198, '2021-01-14 20:48:04', '2021-01-14 20:48:04'),
(228, 'HUSEIN', NULL, 199, '2021-01-14 20:48:04', '2021-01-14 20:48:04'),
(229, 'UTOYO USMAN', NULL, 95, '2021-01-14 20:48:04', '2021-01-14 20:48:04'),
(230, 'DANDI', NULL, 64, '2021-01-14 20:48:04', '2021-01-14 20:48:04'),
(231, 'M JIBRIL', NULL, 72, '2021-01-14 20:48:04', '2021-01-14 20:48:04'),
(232, 'ABDURRAHMAN HAKIM', NULL, 43, '2021-01-14 20:48:04', '2021-01-14 20:48:04'),
(233, 'M LOILATU', NULL, 200, '2021-01-14 20:48:04', '2021-01-14 20:48:04'),
(234, 'JUHRI', NULL, 201, '2021-01-14 20:48:04', '2021-01-14 20:48:04'),
(235, 'AWALUDIN', NULL, 202, '2021-01-14 20:48:04', '2021-01-14 20:48:04'),
(236, 'WANDI', NULL, 86, '2021-01-14 20:48:04', '2021-01-14 20:48:04'),
(237, 'SYAHRIL', NULL, 203, '2021-01-14 20:48:04', '2021-01-14 20:48:04'),
(238, 'DAUD LOILATU', NULL, 204, '2021-01-14 20:48:04', '2021-01-14 20:48:04'),
(239, 'M SUOWAKIL', NULL, 72, '2021-01-14 20:48:04', '2021-01-14 20:48:04'),
(240, 'HENDRI', NULL, 205, '2021-01-14 20:48:04', '2021-01-14 20:48:04'),
(241, 'HALYAN SULFI', NULL, 206, '2021-01-14 20:48:04', '2021-01-14 20:48:04'),
(242, 'KANZUL', NULL, 207, '2021-01-14 20:48:04', '2021-01-14 20:48:04'),
(243, 'FERRI NUZARLI', '08129377817', 208, '2021-01-14 20:48:04', '2021-01-14 20:48:04'),
(244, 'PATLIKAN', '087782863214', 209, '2021-01-14 20:48:04', '2021-01-14 20:48:04'),
(245, 'EKO SURYA SETIADI', '083878468668', 104, '2021-01-14 20:48:04', '2021-01-14 20:48:04'),
(246, 'FAUZAN', '082279664098', 210, '2021-01-14 20:48:04', '2021-01-14 20:48:04'),
(247, 'RAHMAN', '081398951573', 211, '2021-01-14 20:48:04', '2021-01-14 20:48:04'),
(248, 'AINUR RIDHA', '081913633691', 111, '2021-01-14 20:48:04', '2021-01-14 20:48:04'),
(249, 'M ZIKRI', '081273157286', 151, '2021-01-14 20:48:04', '2021-01-14 20:48:04'),
(250, 'OKTA CANDRA', '081380630262', 153, '2021-01-14 20:48:04', '2021-01-14 20:48:04'),
(251, 'FEBRIANES', '081310976695', 199, '2021-01-14 20:48:04', '2021-01-14 20:48:04'),
(252, 'FERDIO', '08978239840', 212, '2021-01-14 20:48:04', '2021-01-14 20:48:04'),
(253, 'FADILLAH ADAMI', '085710476891', 213, '2021-01-14 20:48:04', '2021-01-14 20:48:04'),
(254, 'PENRI SITOMPUL', '081219191991', 172, '2021-01-14 20:48:04', '2021-01-14 20:48:04'),
(255, 'RIZAL KUSNAN', '081316264561', 214, '2021-01-14 20:48:04', '2021-01-14 20:48:04'),
(256, 'M FAKHRY', '081318347507', 215, '2021-01-14 20:48:04', '2021-01-14 20:48:04'),
(257, 'KRISTOFONUS NUSA', '081310188992', 216, '2021-01-14 20:48:04', '2021-01-14 20:48:04'),
(258, 'ISMAIL BAHTA', '08129093007', 217, '2021-01-14 20:48:04', '2021-01-14 20:48:04'),
(259, 'REINARD NAPITUPULU', '081389876787', 218, '2021-01-14 20:48:04', '2021-01-14 20:48:04'),
(260, 'IRVANDY WAKANO', '08111744486', 219, '2021-01-14 20:48:04', '2021-01-14 20:48:04'),
(261, 'YAMIN', '081285225972', 183, '2021-01-14 20:48:04', '2021-01-14 20:48:04'),
(262, 'GUDSI LOILATU', '082126998513', 220, '2021-01-14 20:48:04', '2021-01-14 20:48:04'),
(263, 'TAJUDIN KABBAH', '081584597308', 221, '2021-01-14 20:48:04', '2021-01-14 20:48:04'),
(264, 'RIFAL MAULANA', '081316715797', 222, '2021-01-14 20:48:04', '2021-01-14 20:48:04'),
(265, 'SENNA', '0895635922876', 223, '2021-01-14 20:48:04', '2021-01-14 20:48:04'),
(266, 'MUKSIN MAHU', '081293584658', 224, '2021-01-14 20:48:04', '2021-01-14 20:48:04'),
(267, 'TAJUDDIN', '082260423656', 225, '2021-01-14 20:48:04', '2021-01-14 20:48:04'),
(268, 'AMARSON', '082165028591', 226, '2021-01-14 20:48:04', '2021-01-14 20:48:04'),
(269, 'IBRAHIM FATSEY', '082126998513', 159, '2021-01-14 20:48:04', '2021-01-14 20:48:04'),
(270, 'IKBAL MAHU', '081296734543', 227, '2021-01-14 20:48:04', '2021-01-14 20:48:04'),
(271, 'M RIZA FAHREVI', '081386701297', 228, '2021-01-14 20:48:04', '2021-01-14 20:48:04'),
(272, 'MAKO WAEMESE', '082239387209', 81, '2021-01-14 20:48:04', '2021-01-14 20:48:04'),
(273, 'RINALDI', '087784858800', 29, '2021-01-14 20:48:04', '2021-01-14 20:48:04'),
(274, 'ERLANGGA', '085891228659', 110, '2021-01-14 20:48:04', '2021-01-14 20:48:04'),
(275, 'WIRYAWAN', '085880401494', 56, '2021-01-14 20:48:04', '2021-01-14 20:48:04'),
(276, 'HARI SETIADI', NULL, 167, '2021-01-14 20:48:04', '2021-01-14 20:48:04'),
(277, 'KUSDIONO', NULL, 229, '2021-01-14 20:48:04', '2021-01-14 20:48:04'),
(278, 'SUBAGYO', NULL, 230, '2021-01-14 20:48:04', '2021-01-14 20:48:04'),
(279, 'RIYAN', NULL, 231, '2021-01-14 20:48:04', '2021-01-14 20:48:04'),
(280, 'FAUZAN FADLI', NULL, 232, '2021-01-14 20:48:04', '2021-01-14 20:48:04'),
(281, 'KUSTIONO MUSRI', NULL, 233, '2021-01-14 20:48:04', '2021-01-14 20:48:04'),
(282, 'HARI SETIADI', NULL, 234, '2021-01-14 20:48:04', '2021-01-14 20:48:04'),
(283, 'HANAFI MONI', NULL, 235, '2021-01-14 20:48:04', '2021-01-14 20:48:04'),
(284, 'PARDI', NULL, 41, '2021-01-14 20:48:04', '2021-01-14 20:48:04'),
(285, 'KHANSAH', NULL, 236, '2021-01-14 20:48:04', '2021-01-14 20:48:04'),
(286, 'RAJA O RAMBE', NULL, 237, '2021-01-14 20:48:04', '2021-01-14 20:48:04'),
(287, 'HUSNI', NULL, 238, '2021-01-14 20:48:04', '2021-01-14 20:48:04'),
(288, 'RIFAL MAULANA', NULL, 239, '2021-01-14 20:48:04', '2021-01-14 20:48:04'),
(289, 'AGUNG TAMHER', NULL, 240, '2021-01-14 20:48:04', '2021-01-14 20:48:04'),
(290, 'SENA', NULL, 241, '2021-01-14 20:48:04', '2021-01-14 20:48:04'),
(291, 'MUKSIN MAHU', NULL, 242, '2021-01-14 20:48:04', '2021-01-14 20:48:04'),
(292, 'ABDUL RAZAD', NULL, 243, '2021-01-14 20:48:04', '2021-01-14 20:48:04'),
(293, 'SAHA', NULL, 244, '2021-01-14 20:48:04', '2021-01-14 20:48:04'),
(294, 'WANDI', NULL, 245, '2021-01-14 20:48:04', '2021-01-14 20:48:04'),
(295, 'HASBI', NULL, 88, '2021-01-14 20:48:04', '2021-01-14 20:48:04'),
(296, 'ASRI MASIRI', NULL, 246, '2021-01-14 20:48:04', '2021-01-14 20:48:04'),
(297, 'BAHARUDIN', '081315626172', 11, '2021-01-14 20:48:04', '2021-01-14 20:48:04'),
(298, 'HARI SETIADI', NULL, 247, '2021-01-14 20:48:04', '2021-01-14 20:48:04'),
(299, 'ANDI', NULL, 248, '2021-01-14 20:48:04', '2021-01-14 20:48:04'),
(300, 'ZAENAL ABIDIN', NULL, 249, '2021-01-14 20:48:04', '2021-01-14 20:48:04'),
(301, 'YASMIN', NULL, 250, '2021-01-14 20:48:04', '2021-01-14 20:48:04'),
(302, 'HASAN', NULL, 251, '2021-01-14 20:48:04', '2021-01-14 20:48:04'),
(303, 'RUSMAN', NULL, 252, '2021-01-14 20:48:04', '2021-01-14 20:48:04'),
(304, 'M AFANDI', NULL, 253, '2021-01-14 20:48:04', '2021-01-14 20:48:04'),
(305, 'PUTRA', NULL, 254, '2021-01-14 20:48:04', '2021-01-14 20:48:04'),
(306, '', NULL, 255, '2021-01-14 20:48:04', '2021-01-14 20:48:04'),
(307, 'MADGAN RIZKY', NULL, 256, '2021-01-14 20:48:04', '2021-01-14 20:48:04'),
(308, 'HASAN MONY', NULL, 72, '2021-01-14 20:48:04', '2021-01-14 20:48:04'),
(309, 'PAULUS', NULL, 257, '2021-01-14 20:48:04', '2021-01-14 20:48:04'),
(310, 'HALID', NULL, 258, '2021-01-14 20:48:04', '2021-01-14 20:48:04'),
(311, 'YUDISTIRA PRASASTA', NULL, 259, '2021-01-14 20:48:04', '2021-01-14 20:48:04'),
(312, 'MARCHELLO', NULL, 260, '2021-01-14 20:48:04', '2021-01-14 20:48:04'),
(313, 'ALI IMRON', NULL, 261, '2021-01-14 20:48:04', '2021-01-14 20:48:04'),
(314, 'TIO WIBOWO', NULL, 262, '2021-01-14 20:48:04', '2021-01-14 20:48:04'),
(315, 'GUDSI', NULL, 263, '2021-01-14 20:48:04', '2021-01-14 20:48:04'),
(316, 'AINUR RIDHA', NULL, 264, '2021-01-14 20:48:04', '2021-01-14 20:48:04'),
(317, 'RAIS', NULL, 244, '2021-01-14 20:48:04', '2021-01-14 20:48:04'),
(318, 'ASRI LESSY', NULL, 265, '2021-01-14 20:48:04', '2021-01-14 20:48:04'),
(319, 'FAHRIL WAEL', NULL, 177, '2021-01-14 20:48:04', '2021-01-14 20:48:04'),
(320, 'YABAN', NULL, 266, '2021-01-14 20:48:04', '2021-01-14 20:48:04'),
(321, 'HAIYAN', NULL, 267, '2021-01-14 20:48:04', '2021-01-14 20:48:04'),
(322, 'ABDULLAH NGABALIN', NULL, 268, '2021-01-14 20:48:04', '2021-01-14 20:48:04'),
(323, '', NULL, 269, '2021-01-14 20:48:04', '2021-01-14 20:48:04'),
(324, 'FARUS KHAN', NULL, 270, '2021-01-14 20:48:04', '2021-01-14 20:48:04'),
(325, 'M TAHTAWI', NULL, 271, '2021-01-14 20:48:04', '2021-01-14 20:48:04'),
(326, 'DEDI HARYONO', NULL, 272, '2021-01-14 20:48:04', '2021-01-14 20:48:04'),
(327, 'HUSNI HASAN', NULL, 273, '2021-01-14 20:48:04', '2021-01-14 20:48:04'),
(328, 'JALIL LOILATU', NULL, 274, '2021-01-14 20:48:04', '2021-01-14 20:48:04'),
(329, 'ALI T HALOMOAN', NULL, 275, '2021-01-14 20:48:04', '2021-01-14 20:48:04'),
(330, 'SAPUTRA', NULL, 276, '2021-01-14 20:48:04', '2021-01-14 20:48:04'),
(331, 'YAHYA SALAMPESSY', NULL, 277, '2021-01-14 20:48:04', '2021-01-14 20:48:04'),
(332, 'HAGI RIZKI', NULL, 278, '2021-01-14 20:48:04', '2021-01-14 20:48:04'),
(333, 'ARI RETTOB', NULL, 80, '2021-01-14 20:48:04', '2021-01-14 20:48:04'),
(334, 'FIKRAN', NULL, 279, '2021-01-14 20:48:04', '2021-01-14 20:48:04'),
(335, 'ALDI', NULL, 29, '2021-01-14 20:48:04', '2021-01-14 20:48:04'),
(336, 'KH. SAHID JOBAN', NULL, 280, '2021-01-14 20:48:04', '2021-01-14 20:48:04'),
(337, 'ETWIN LESLESY', NULL, 281, '2021-01-14 20:48:04', '2021-01-14 20:48:04'),
(338, 'TASYA', NULL, 29, '2021-01-14 20:48:04', '2021-01-14 20:48:04'),
(339, 'ALFI KADER', NULL, 282, '2021-01-14 20:48:04', '2021-01-14 20:48:04'),
(340, 'AZHARI', NULL, 283, '2021-01-14 20:48:04', '2021-01-14 20:48:04'),
(341, 'GUDSI', NULL, 284, '2021-01-14 20:48:04', '2021-01-14 20:48:04'),
(342, 'IBRAHIM', NULL, 220, '2021-01-14 20:48:04', '2021-01-14 20:48:04'),
(343, 'DAFRI', NULL, 285, '2021-01-14 20:48:04', '2021-01-14 20:48:04'),
(344, '', NULL, 286, '2021-01-14 20:48:04', '2021-01-14 20:48:04'),
(345, 'MUKSIN MAHU', '081293584658', 287, '2021-01-14 20:48:04', '2021-01-14 20:48:04'),
(346, 'HARI SETIADI', NULL, 288, '2021-01-14 20:48:04', '2021-01-14 20:48:04'),
(347, 'IHTISAB AFANDI', '082125198674', 11, '2021-01-14 20:48:04', '2021-01-14 20:48:04'),
(348, 'MULYADI', '081296245833', 289, '2021-01-14 20:48:04', '2021-01-14 20:48:04'),
(349, 'AZHAR ADAM', '081382261947', 290, '2021-01-14 20:48:04', '2021-01-14 20:48:04'),
(350, 'SULTONI', '081286760066', 290, '2021-01-14 20:48:04', '2021-01-14 20:48:04'),
(351, 'AHMAD', '081389020020', 1, '2021-01-14 20:48:04', '2021-01-14 20:48:04'),
(352, 'MAULANA', '082114152128', 291, '2021-01-14 20:48:04', '2021-01-14 20:48:04'),
(353, 'RAHMAT', '081239954733', 292, '2021-01-14 20:48:04', '2021-01-14 20:48:04'),
(354, 'IQMAL SANTANI', '085287114871', 3, '2021-01-14 20:48:04', '2021-01-14 20:48:04'),
(355, 'FAGIH; YASMIN', '082298944322', 2, '2021-01-14 20:48:04', '2021-01-14 20:48:04'),
(356, 'AHMAD NUR KERLEY', '085693970536', 293, '2021-01-14 20:48:04', '2021-01-14 20:48:04'),
(357, 'ABDILLAH ZEIN', '0888809084737', 294, '2021-01-14 20:48:04', '2021-01-14 20:48:04'),
(358, 'FAGIH', '082298944322', 2, '2021-01-14 20:48:04', '2021-01-14 20:48:04'),
(359, 'M AFDAL', '081279110431', 295, '2021-01-14 20:48:04', '2021-01-14 20:48:04'),
(360, 'ZAENAL', '085711852000', 6, '2021-01-14 20:48:04', '2021-01-14 20:48:04'),
(361, 'RIMBO BUGIS', '082198775075', 296, '2021-01-14 20:48:04', '2021-01-14 20:48:04'),
(362, 'ARMAN ASSO', '082237373075', 297, '2021-01-14 20:48:04', '2021-01-14 20:48:04'),
(363, 'YABAN IBNU', '0895373590010', 48, '2021-01-14 20:48:04', '2021-01-14 20:48:04'),
(364, 'ISMAIL', '085269883933', 298, '2021-01-14 20:48:04', '2021-01-14 20:48:04'),
(365, 'ALDI YUSRA', '082276423370', 299, '2021-01-14 20:48:04', '2021-01-14 20:48:04'),
(366, 'HERIYANTO', '081511828570', 300, '2021-01-14 20:48:04', '2021-01-14 20:48:04'),
(367, 'DAIMIN LOKITO', '081913751595', 301, '2021-01-14 20:48:04', '2021-01-14 20:48:04'),
(368, 'RIKO MAUKARO', '085215576757', 302, '2021-01-14 20:48:04', '2021-01-14 20:48:04'),
(369, 'ABRAHAM', NULL, 303, '2021-01-14 20:48:04', '2021-01-14 20:48:04'),
(370, 'ARIEF', NULL, 304, '2021-01-14 20:48:04', '2021-01-14 20:48:04'),
(371, 'HELMI SUTIKNO', NULL, 305, '2021-01-14 20:48:04', '2021-01-14 20:48:04'),
(372, 'M NUR KERLEY', NULL, 304, '2021-01-14 20:48:04', '2021-01-14 20:48:04'),
(373, 'ABDUL MALIK', NULL, 306, '2021-01-14 20:48:04', '2021-01-14 20:48:04'),
(374, 'M SARDAN', '081320645241', 304, '2021-01-14 20:48:04', '2021-01-14 20:48:04'),
(375, 'RACHMAN', NULL, 304, '2021-01-14 20:48:04', '2021-01-14 20:48:04'),
(376, 'ARIEF', '087780819478', 304, '2021-01-14 20:48:04', '2021-01-14 20:48:04'),
(377, 'FAGIH', NULL, 2, '2021-01-14 20:48:04', '2021-01-14 20:48:04'),
(378, 'RIYANDI', NULL, 307, '2021-01-14 20:48:04', '2021-01-14 20:48:04'),
(379, 'ANGGA PRANANDA', NULL, 308, '2021-01-14 20:48:04', '2021-01-14 20:48:04'),
(380, 'M. ISBULLAH', NULL, 308, '2021-01-14 20:48:04', '2021-01-14 20:48:04'),
(381, 'HUSEN', NULL, 309, '2021-01-14 20:48:04', '2021-01-14 20:48:04'),
(382, 'JUFRI', NULL, 310, '2021-01-14 20:48:04', '2021-01-14 20:48:04'),
(383, 'ANDI IN\'AMUL HASAN', NULL, 311, '2021-01-14 20:48:04', '2021-01-14 20:48:04'),
(384, '', NULL, 312, '2021-01-14 20:48:04', '2021-01-14 20:48:04');

-- --------------------------------------------------------

--
-- Table structure for table `branch`
--

CREATE TABLE `branch` (
  `id` bigint(20) UNSIGNED NOT NULL,
  `name` char(255) COLLATE utf8mb4_unicode_ci NOT NULL,
  `created_at` timestamp NULL DEFAULT NULL,
  `updated_at` timestamp NULL DEFAULT NULL
) ENGINE=InnoDB DEFAULT CHARSET=utf8mb4 COLLATE=utf8mb4_unicode_ci;

--
-- Dumping data for table `branch`
--

INSERT INTO `branch` (`id`, `name`, `created_at`, `updated_at`) VALUES
(1, 'HEAD OFFICE', '2021-01-14 20:48:03', '2021-01-14 20:48:03'),
(2, 'AMDI', '2021-01-14 20:48:03', '2021-01-14 20:48:03'),
(3, 'SUNTER', '2021-01-14 20:48:03', '2021-01-14 20:48:03');

-- --------------------------------------------------------

--
-- Table structure for table `demonstration`
--

CREATE TABLE `demonstration` (
  `id` bigint(20) UNSIGNED NOT NULL,
  `date` date NOT NULL,
  `id_location` bigint(20) UNSIGNED DEFAULT NULL,
  `id_allience` bigint(20) UNSIGNED DEFAULT NULL,
  `status` longtext COLLATE utf8mb4_unicode_ci NOT NULL,
  `issue` longtext COLLATE utf8mb4_unicode_ci NOT NULL,
  `basis_universitas` text COLLATE utf8mb4_unicode_ci DEFAULT NULL,
  `rengiat` tinyint(1) DEFAULT NULL,
  `mass_amount` int(10) UNSIGNED NOT NULL,
  `created_at` timestamp NULL DEFAULT NULL,
  `updated_at` timestamp NULL DEFAULT NULL
) ENGINE=InnoDB DEFAULT CHARSET=utf8mb4 COLLATE=utf8mb4_unicode_ci;

--
-- Dumping data for table `demonstration`
--

INSERT INTO `demonstration` (`id`, `date`, `id_location`, `id_allience`, `status`, `issue`, `basis_universitas`, `rengiat`, `mass_amount`, `created_at`, `updated_at`) VALUES
(1, '2019-08-14', 1, 1, 'TERLAKSANA', 'KARTEL', NULL, 1, 30, '2021-01-14 20:48:04', '2021-01-14 20:48:04'),
(2, '2019-08-19', 1, 1, 'BATAL', 'KARTEL', NULL, 1, 30, '2021-01-14 20:48:04', '2021-01-14 20:48:04'),
(3, '2019-08-27', 1, 1, 'TERLAKSANA', 'KARTEL', NULL, 1, 30, '2021-01-14 20:48:04', '2021-01-14 20:48:04'),
(4, '2020-08-04', 2, 2, 'BATAL', 'KARTEL', 'Univ. Bung Karno', 1, 30, '2021-01-14 20:48:04', '2021-01-14 20:48:04'),
(5, '2020-08-06', 1, 1, 'BATAL', 'KARTEL', NULL, 1, 30, '2021-01-14 20:48:04', '2021-01-14 20:48:04'),
(6, '2020-08-11', 2, 3, 'TERLAKSANA', 'KARTEL', NULL, 1, 30, '2021-01-14 20:48:04', '2021-01-14 20:48:04'),
(7, '2020-08-28', 2, 4, 'BATAL', 'KARTEL', NULL, 1, 30, '2021-01-14 20:48:04', '2021-01-14 20:48:04'),
(8, '2020-08-30', 1, 5, '', 'KARTEL', NULL, 1, 200, '2021-01-14 20:48:04', '2021-01-14 20:48:04'),
(9, '2020-02-29', 3, 6, '', '', NULL, 1, 150, '2021-01-14 20:48:04', '2021-01-14 20:48:04'),
(10, '2020-02-29', 4, 7, '', '', NULL, 1, 15, '2021-01-14 20:48:04', '2021-01-14 20:48:04'),
(11, '2020-02-29', 5, 8, '', '', NULL, 1, 100, '2021-01-14 20:48:04', '2021-01-14 20:48:04'),
(12, '2020-02-29', 6, 9, '', '', NULL, 1, 30, '2021-01-14 20:48:04', '2021-01-14 20:48:04'),
(13, '2020-02-28', 7, 7, '', '', NULL, 1, 10, '2021-01-14 20:48:04', '2021-01-14 20:48:04'),
(14, '2020-02-28', 8, 10, '', '', NULL, 1, 500, '2021-01-14 20:48:04', '2021-01-14 20:48:04'),
(15, '2020-02-28', 9, 11, '', '', NULL, 1, 200, '2021-01-14 20:48:04', '2021-01-14 20:48:04'),
(16, '2020-02-28', 10, 11, '', '', NULL, 1, 200, '2021-01-14 20:48:04', '2021-01-14 20:48:04'),
(17, '2020-02-05', 1, 12, 'TERLAKSANA', 'KARTEL', NULL, 1, 30, '2021-01-14 20:48:04', '2021-01-14 20:48:04'),
(18, '2020-02-05', 11, 12, 'TERLAKSANA', 'KARTEL', NULL, 1, 30, '2021-01-14 20:48:04', '2021-01-14 20:48:04'),
(19, '2020-02-28', 9, 13, '', '', NULL, 1, 1000, '2021-01-14 20:48:04', '2021-01-14 20:48:04'),
(20, '2020-02-28', 12, 14, '', '', NULL, 1, 20, '2021-01-14 20:48:04', '2021-01-14 20:48:04'),
(21, '2020-02-28', 13, 15, '', '', NULL, 1, 100, '2021-01-14 20:48:04', '2021-01-14 20:48:04'),
(22, '2020-02-28', 14, 16, '', '', NULL, 1, 20, '2021-01-14 20:48:04', '2021-01-14 20:48:04'),
(23, '2020-02-28', 15, 16, '', '', NULL, 1, 20, '2021-01-14 20:48:04', '2021-01-14 20:48:04'),
(24, '2020-02-28', 16, 17, '', '', NULL, 1, 20, '2021-01-14 20:48:04', '2021-01-14 20:48:04'),
(25, '2020-02-28', 17, 18, '', '', NULL, 1, 30, '2021-01-14 20:48:04', '2021-01-14 20:48:04'),
(26, '2020-02-28', 18, 18, '', '', NULL, 1, 30, '2021-01-14 20:48:04', '2021-01-14 20:48:04'),
(27, '2020-02-28', 19, 19, '', '', NULL, 1, 30, '2021-01-14 20:48:04', '2021-01-14 20:48:04'),
(28, '2020-02-28', 15, 19, '', '', NULL, 1, 30, '2021-01-14 20:48:04', '2021-01-14 20:48:04'),
(29, '2020-02-28', 12, 20, '', '', NULL, 1, 30, '2021-01-14 20:48:04', '2021-01-14 20:48:04'),
(30, '2020-02-28', 20, 20, '', '', NULL, 1, 30, '2021-01-14 20:48:04', '2021-01-14 20:48:04'),
(31, '2020-02-28', 12, 21, '', '', NULL, 1, 30, '2021-01-14 20:48:04', '2021-01-14 20:48:04'),
(32, '2020-02-28', 21, 21, '', '', NULL, 1, 30, '2021-01-14 20:48:04', '2021-01-14 20:48:04'),
(33, '2020-02-28', 22, 22, '', '', NULL, 1, 20, '2021-01-14 20:48:04', '2021-01-14 20:48:04'),
(34, '2020-02-28', 23, 23, '', '', NULL, 1, 30, '2021-01-14 20:48:04', '2021-01-14 20:48:04'),
(35, '2020-02-28', 24, 24, '', '', NULL, 1, 30, '2021-01-14 20:48:04', '2021-01-14 20:48:04'),
(36, '2020-02-28', 25, 24, '', '', NULL, 1, 30, '2021-01-14 20:48:04', '2021-01-14 20:48:04'),
(37, '2020-02-28', 26, 25, '', '', NULL, 1, 30, '2021-01-14 20:48:04', '2021-01-14 20:48:04'),
(38, '2020-02-28', 27, 26, '', '', NULL, 1, 50, '2021-01-14 20:48:04', '2021-01-14 20:48:04'),
(39, '2020-02-28', 28, 27, '', '', NULL, 1, 30, '2021-01-14 20:48:04', '2021-01-14 20:48:04'),
(40, '2020-02-28', 5, 28, '', '', NULL, 1, 50, '2021-01-14 20:48:04', '2021-01-14 20:48:04'),
(41, '2020-02-28', 29, 29, '', '', NULL, 1, 30, '2021-01-14 20:48:04', '2021-01-14 20:48:04'),
(42, '2020-02-28', 30, 29, '', '', NULL, 1, 30, '2021-01-14 20:48:04', '2021-01-14 20:48:04'),
(43, '2020-02-28', 31, 30, '', '', NULL, 1, 50, '2021-01-14 20:48:04', '2021-01-14 20:48:04'),
(44, '2020-02-28', 12, 31, '', '', NULL, 1, 20, '2021-01-14 20:48:04', '2021-01-14 20:48:04'),
(45, '2020-02-27', 8, 10, '', '', NULL, 1, 500, '2021-01-14 20:48:04', '2021-01-14 20:48:04'),
(46, '2020-02-27', 32, 11, '', '', NULL, 1, 200, '2021-01-14 20:48:04', '2021-01-14 20:48:04'),
(47, '2020-02-27', 21, 32, '', '', NULL, 1, 30, '2021-01-14 20:48:04', '2021-01-14 20:48:04'),
(48, '2020-02-27', 21, 32, '', '', NULL, 1, 30, '2021-01-14 20:48:04', '2021-01-14 20:48:04'),
(49, '2020-02-27', 12, 34, '', '', NULL, 1, 30, '2021-01-14 20:48:04', '2021-01-14 20:48:04'),
(50, '2020-02-27', 33, 35, '', '', NULL, 1, 300, '2021-01-14 20:48:04', '2021-01-14 20:48:04'),
(51, '2020-02-27', 9, 35, '', '', NULL, 1, 300, '2021-01-14 20:48:04', '2021-01-14 20:48:04'),
(52, '2020-02-27', 34, 35, '', '', NULL, 1, 300, '2021-01-14 20:48:04', '2021-01-14 20:48:04'),
(53, '2020-02-27', 15, 36, '', '', NULL, 1, 2000, '2021-01-14 20:48:04', '2021-01-14 20:48:04'),
(54, '2020-02-27', 35, 37, '', '', NULL, 1, 20, '2021-01-14 20:48:04', '2021-01-14 20:48:04'),
(55, '2020-02-27', 34, 38, '', '', NULL, 1, 50, '2021-01-14 20:48:04', '2021-01-14 20:48:04'),
(56, '2020-02-27', 36, 38, '', '', NULL, 1, 50, '2021-01-14 20:48:04', '2021-01-14 20:48:04'),
(57, '2020-02-27', 37, 39, '', '', NULL, 1, 50, '2021-01-14 20:48:04', '2021-01-14 20:48:04'),
(58, '2020-02-27', 12, 39, '', '', NULL, 1, 50, '2021-01-14 20:48:04', '2021-01-14 20:48:04'),
(59, '2020-02-27', 38, 40, '', '', NULL, 1, 100, '2021-01-14 20:48:04', '2021-01-14 20:48:04'),
(60, '2020-02-27', 39, 40, '', '', NULL, 1, 100, '2021-01-14 20:48:04', '2021-01-14 20:48:04'),
(61, '2020-02-27', 40, 40, '', '', NULL, 1, 100, '2021-01-14 20:48:04', '2021-01-14 20:48:04'),
(62, '2020-02-27', 9, 41, '', '', NULL, 1, 30, '2021-01-14 20:48:04', '2021-01-14 20:48:04'),
(63, '2020-02-27', 41, 42, '', '', NULL, 1, 30, '2021-01-14 20:48:04', '2021-01-14 20:48:04'),
(64, '2020-02-27', 15, 42, '', '', NULL, 1, 30, '2021-01-14 20:48:04', '2021-01-14 20:48:04'),
(65, '2020-02-27', 42, 43, '', '', NULL, 1, 30, '2021-01-14 20:48:04', '2021-01-14 20:48:04'),
(66, '2020-02-27', 28, 43, '', '', NULL, 1, 30, '2021-01-14 20:48:04', '2021-01-14 20:48:04'),
(67, '2020-02-27', 43, 44, '', '', NULL, 1, 20, '2021-01-14 20:48:04', '2021-01-14 20:48:04'),
(68, '2020-02-27', 17, 44, '', '', NULL, 1, 20, '2021-01-14 20:48:04', '2021-01-14 20:48:04'),
(69, '2020-02-27', 44, 41, '', '', NULL, 1, 30, '2021-01-14 20:48:04', '2021-01-14 20:48:04'),
(70, '2020-02-27', 27, 41, '', '', NULL, 1, 30, '2021-01-14 20:48:04', '2021-01-14 20:48:04'),
(71, '2020-02-27', 25, 46, '', '', NULL, 1, 300, '2021-01-14 20:48:04', '2021-01-14 20:48:04'),
(72, '2020-02-27', 45, 47, '', '', NULL, 1, 30, '2021-01-14 20:48:04', '2021-01-14 20:48:04'),
(73, '2020-02-27', 46, 47, '', '', NULL, 1, 30, '2021-01-14 20:48:04', '2021-01-14 20:48:04'),
(74, '2020-02-27', 47, 48, '', '', NULL, 1, 30, '2021-01-14 20:48:04', '2021-01-14 20:48:04'),
(75, '2020-02-27', 12, 48, '', '', NULL, 1, 30, '2021-01-14 20:48:05', '2021-01-14 20:48:05'),
(76, '2020-02-27', 48, 49, '', '', NULL, 1, 30, '2021-01-14 20:48:05', '2021-01-14 20:48:05'),
(77, '2020-02-27', 28, 49, '', '', NULL, 1, 30, '2021-01-14 20:48:05', '2021-01-14 20:48:05'),
(78, '2020-02-27', 5, 50, '', '', NULL, 1, 30, '2021-01-14 20:48:05', '2021-01-14 20:48:05'),
(79, '2020-02-27', 49, 51, '', '', NULL, 1, 30, '2021-01-14 20:48:05', '2021-01-14 20:48:05'),
(80, '2020-02-27', 50, 52, '', '', NULL, 1, 30, '2021-01-14 20:48:05', '2021-01-14 20:48:05'),
(81, '2020-02-27', 12, 52, '', '', NULL, 1, 30, '2021-01-14 20:48:05', '2021-01-14 20:48:05'),
(82, '2020-02-27', 51, 53, '', '', NULL, 1, 50, '2021-01-14 20:48:05', '2021-01-14 20:48:05'),
(83, '2020-02-27', 52, 54, '', '', NULL, 1, 100, '2021-01-14 20:48:05', '2021-01-14 20:48:05'),
(84, '2020-02-27', 53, 55, '', '', NULL, 1, 30, '2021-01-14 20:48:05', '2021-01-14 20:48:05'),
(85, '2020-02-27', 12, 56, '', '', NULL, 1, 30, '2021-01-14 20:48:05', '2021-01-14 20:48:05'),
(86, '2020-02-27', 15, 56, '', '', NULL, 1, 30, '2021-01-14 20:48:05', '2021-01-14 20:48:05'),
(87, '2020-02-27', 27, 57, '', '', NULL, 1, 50, '2021-01-14 20:48:05', '2021-01-14 20:48:05'),
(88, '2020-02-27', 28, 58, '', '', NULL, 1, 20, '2021-01-14 20:48:05', '2021-01-14 20:48:05'),
(89, '2020-02-27', 12, 58, '', '', NULL, 1, 20, '2021-01-14 20:48:05', '2021-01-14 20:48:05'),
(90, '2020-02-27', 25, 59, '', '', NULL, 1, 30, '2021-01-14 20:48:05', '2021-01-14 20:48:05'),
(91, '2020-02-26', 54, 60, '', '', NULL, 1, 10, '2021-01-14 20:48:05', '2021-01-14 20:48:05'),
(92, '2020-02-26', 9, 61, '', '', NULL, 1, 100, '2021-01-14 20:48:05', '2021-01-14 20:48:05'),
(93, '2020-02-26', 28, 62, '', '', NULL, 1, 30, '2021-01-14 20:48:05', '2021-01-14 20:48:05'),
(94, '2020-02-26', 25, 62, '', '', NULL, 1, 30, '2021-01-14 20:48:05', '2021-01-14 20:48:05'),
(95, '2020-02-26', 55, 63, '', '', NULL, 1, 30, '2021-01-14 20:48:05', '2021-01-14 20:48:05'),
(96, '2020-02-26', 56, 64, '', '', NULL, 1, 30, '2021-01-14 20:48:05', '2021-01-14 20:48:05'),
(97, '2020-02-26', 48, 65, '', '', NULL, 1, 30, '2021-01-14 20:48:05', '2021-01-14 20:48:05'),
(98, '2020-02-26', 15, 65, '', '', NULL, 1, 30, '2021-01-14 20:48:05', '2021-01-14 20:48:05'),
(99, '2020-02-26', 24, 24, '', '', NULL, 1, 30, '2021-01-14 20:48:05', '2021-01-14 20:48:05'),
(100, '2020-02-26', 25, 24, '', '', NULL, 1, 30, '2021-01-14 20:48:05', '2021-01-14 20:48:05'),
(101, '2020-02-26', 27, 67, '', '', NULL, 1, 30, '2021-01-14 20:48:05', '2021-01-14 20:48:05'),
(102, '2020-02-26', 15, 67, '', '', NULL, 1, 30, '2021-01-14 20:48:05', '2021-01-14 20:48:05'),
(103, '2020-02-26', 17, 68, '', '', NULL, 1, 30, '2021-01-14 20:48:05', '2021-01-14 20:48:05'),
(104, '2020-02-26', 57, 68, '', '', NULL, 1, 30, '2021-01-14 20:48:05', '2021-01-14 20:48:05'),
(105, '2020-02-26', 20, 69, '', '', NULL, 1, 30, '2021-01-14 20:48:05', '2021-01-14 20:48:05'),
(106, '2020-02-26', 58, 70, '', '', NULL, 1, 100, '2021-01-14 20:48:05', '2021-01-14 20:48:05'),
(107, '2020-02-26', 12, 71, '', '', NULL, 1, 30, '2021-01-14 20:48:05', '2021-01-14 20:48:05'),
(108, '2020-02-26', 59, 71, '', '', NULL, 1, 30, '2021-01-14 20:48:05', '2021-01-14 20:48:05'),
(109, '2020-02-26', 12, 72, '', '', NULL, 1, 30, '2021-01-14 20:48:05', '2021-01-14 20:48:05'),
(110, '2020-02-26', 21, 72, '', '', NULL, 1, 30, '2021-01-14 20:48:05', '2021-01-14 20:48:05'),
(111, '2020-02-26', 27, 72, '', '', NULL, 1, 30, '2021-01-14 20:48:05', '2021-01-14 20:48:05'),
(112, '2020-02-24', 7, 60, '', '', NULL, 1, 10, '2021-01-14 20:48:05', '2021-01-14 20:48:05'),
(113, '2020-02-24', 9, 73, '', '', NULL, 1, 100, '2021-01-14 20:48:05', '2021-01-14 20:48:05'),
(114, '2020-02-24', 60, 62, '', '', NULL, 1, 30, '2021-01-14 20:48:05', '2021-01-14 20:48:05'),
(115, '2020-02-24', 25, 62, '', 'ZUHRI', NULL, 1, 0, '2021-01-14 20:48:05', '2021-01-14 20:48:05'),
(116, '2020-02-24', 61, 63, '', '', NULL, 1, 30, '2021-01-14 20:48:05', '2021-01-14 20:48:05'),
(117, '2020-02-24', 62, 64, '', '', NULL, 1, 30, '2021-01-14 20:48:05', '2021-01-14 20:48:05'),
(118, '2020-02-24', 3, 6, '', '', NULL, 1, 15, '2021-01-14 20:48:05', '2021-01-14 20:48:05'),
(119, '2020-02-24', 48, 65, '', '', NULL, 1, 30, '2021-01-14 20:48:05', '2021-01-14 20:48:05'),
(120, '2020-02-24', 15, 65, '', '', NULL, 1, 30, '2021-01-14 20:48:05', '2021-01-14 20:48:05'),
(121, '2020-02-24', 63, 24, '', '', NULL, 1, 30, '2021-01-14 20:48:05', '2021-01-14 20:48:05'),
(122, '2020-02-24', 25, 24, '', '', NULL, 1, 30, '2021-01-14 20:48:05', '2021-01-14 20:48:05'),
(123, '2020-02-10', 2, 12, 'BATAL', 'KARTEL', NULL, 1, 30, '2021-01-14 20:48:05', '2021-01-14 20:48:05'),
(124, '2020-02-10', 1, 12, 'TERLAKSANA', 'KARTEL', NULL, 1, 30, '2021-01-14 20:48:05', '2021-01-14 20:48:05'),
(125, '2020-02-24', 27, 67, '', '', NULL, 1, 30, '2021-01-14 20:48:05', '2021-01-14 20:48:05'),
(126, '2020-02-24', 15, 67, '', '', NULL, 1, 30, '2021-01-14 20:48:05', '2021-01-14 20:48:05'),
(127, '2020-02-24', 17, 68, '', '', NULL, 1, 30, '2021-01-14 20:48:05', '2021-01-14 20:48:05'),
(128, '2020-02-24', 57, 68, '', '', NULL, 1, 30, '2021-01-14 20:48:05', '2021-01-14 20:48:05'),
(129, '2020-02-24', 20, 69, '', '', NULL, 1, 30, '2021-01-14 20:48:05', '2021-01-14 20:48:05'),
(130, '2020-02-24', 27, 69, '', '', NULL, 1, 30, '2021-01-14 20:48:05', '2021-01-14 20:48:05'),
(131, '2020-02-24', 58, 70, '', '', NULL, 1, 100, '2021-01-14 20:48:05', '2021-01-14 20:48:05'),
(132, '2020-02-24', 12, 71, '', '', NULL, 1, 30, '2021-01-14 20:48:05', '2021-01-14 20:48:05'),
(133, '2020-02-24', 59, 71, '', '', NULL, 1, 30, '2021-01-14 20:48:05', '2021-01-14 20:48:05'),
(134, '2020-02-24', 12, 72, '', '', NULL, 1, 30, '2021-01-14 20:48:05', '2021-01-14 20:48:05'),
(135, '2020-02-24', 21, 72, '', '', NULL, 1, 30, '2021-01-14 20:48:05', '2021-01-14 20:48:05'),
(136, '2020-02-24', 27, 72, '', '', NULL, 1, 30, '2021-01-14 20:48:05', '2021-01-14 20:48:05'),
(137, '2020-02-24', 25, 76, '', '', NULL, 1, 30, '2021-01-14 20:48:05', '2021-01-14 20:48:05'),
(138, '2020-02-24', 64, 76, '', '', NULL, 1, 30, '2021-01-14 20:48:05', '2021-01-14 20:48:05'),
(139, '2020-02-24', 9, 77, '', '', NULL, 1, 30, '2021-01-14 20:48:05', '2021-01-14 20:48:05'),
(140, '2020-02-24', 25, 77, '', '', NULL, 1, 30, '2021-01-14 20:48:05', '2021-01-14 20:48:05'),
(141, '2020-02-24', 23, 78, '', '', NULL, 1, 30, '2021-01-14 20:48:05', '2021-01-14 20:48:05'),
(142, '2020-02-24', 15, 78, '', '', NULL, 1, 30, '2021-01-14 20:48:05', '2021-01-14 20:48:05'),
(143, '2020-02-24', 12, 79, '', '', NULL, 1, 30, '2021-01-14 20:48:05', '2021-01-14 20:48:05'),
(144, '2020-02-24', 65, 79, '', '', NULL, 1, 30, '2021-01-14 20:48:05', '2021-01-14 20:48:05'),
(145, '2020-02-24', 27, 26, '', '', NULL, 1, 30, '2021-01-14 20:48:05', '2021-01-14 20:48:05'),
(146, '2020-02-24', 28, 81, '', '', NULL, 1, 30, '2021-01-14 20:48:05', '2021-01-14 20:48:05'),
(147, '2020-02-24', 66, 81, '', '', NULL, 1, 30, '2021-01-14 20:48:05', '2021-01-14 20:48:05'),
(148, '2020-02-24', 67, 82, '', '', NULL, 1, 30, '2021-01-14 20:48:05', '2021-01-14 20:48:05'),
(149, '2020-02-24', 49, 42, '', '', NULL, 1, 30, '2021-01-14 20:48:05', '2021-01-14 20:48:05'),
(150, '2020-02-24', 15, 84, '', '', NULL, 1, 30, '2021-01-14 20:48:05', '2021-01-14 20:48:05'),
(151, '2020-02-24', 68, 84, '', '', NULL, 1, 30, '2021-01-14 20:48:05', '2021-01-14 20:48:05'),
(152, '2020-02-24', 12, 85, '', '', NULL, 1, 30, '2021-01-14 20:48:05', '2021-01-14 20:48:05'),
(153, '2020-02-24', 12, 86, '', '', NULL, 1, 30, '2021-01-14 20:48:05', '2021-01-14 20:48:05'),
(154, '2020-02-24', 28, 86, '', '', NULL, 1, 30, '2021-01-14 20:48:05', '2021-01-14 20:48:05'),
(155, '2020-02-24', 7, 60, '', '', NULL, 1, 10, '2021-01-14 20:48:05', '2021-01-14 20:48:05'),
(156, '2020-02-24', 69, 88, '', '', NULL, 1, 100, '2021-01-14 20:48:05', '2021-01-14 20:48:05'),
(157, '2020-02-24', 70, 89, '', '', NULL, 1, 200, '2021-01-14 20:48:05', '2021-01-14 20:48:05'),
(158, '2020-02-24', 27, 90, '', '', NULL, 1, 50, '2021-01-14 20:48:05', '2021-01-14 20:48:05'),
(159, '2020-02-24', 71, 91, '', '', NULL, 1, 30, '2021-01-14 20:48:05', '2021-01-14 20:48:05'),
(160, '2020-02-24', 12, 21, '', '', NULL, 1, 30, '2021-01-14 20:48:05', '2021-01-14 20:48:05'),
(161, '2020-02-24', 9, 21, '', '', NULL, 1, 30, '2021-01-14 20:48:05', '2021-01-14 20:48:05'),
(162, '2020-02-24', 17, 93, '', '', NULL, 1, 30, '2021-01-14 20:48:05', '2021-01-14 20:48:05'),
(163, '2020-02-24', 57, 93, '', '', NULL, 1, 30, '2021-01-14 20:48:05', '2021-01-14 20:48:05'),
(164, '2020-02-24', 15, 94, '', '', NULL, 1, 30, '2021-01-14 20:48:05', '2021-01-14 20:48:05'),
(165, '2020-02-24', 12, 94, '', '', NULL, 1, 30, '2021-01-14 20:48:05', '2021-01-14 20:48:05'),
(166, '2020-02-24', 25, 95, '', '', NULL, 1, 30, '2021-01-14 20:48:05', '2021-01-14 20:48:05'),
(167, '2020-02-24', 72, 95, '', '', NULL, 1, 30, '2021-01-14 20:48:05', '2021-01-14 20:48:05'),
(168, '2020-02-24', 12, 4, '', '', NULL, 1, 30, '2021-01-14 20:48:05', '2021-01-14 20:48:05'),
(169, '2020-02-24', 15, 97, '', '', NULL, 1, 30, '2021-01-14 20:48:05', '2021-01-14 20:48:05'),
(170, '2020-02-24', 12, 97, '', '', NULL, 1, 30, '2021-01-14 20:48:05', '2021-01-14 20:48:05'),
(171, '2020-02-24', 57, 98, '', '', NULL, 1, 30, '2021-01-14 20:48:05', '2021-01-14 20:48:05'),
(172, '2020-02-24', 73, 99, '', '', NULL, 1, 30, '2021-01-14 20:48:05', '2021-01-14 20:48:05'),
(173, '2020-02-24', 17, 30, '', '', NULL, 1, 50, '2021-01-14 20:48:05', '2021-01-14 20:48:05'),
(174, '2020-02-24', 74, 100, '', '', NULL, 1, 30, '2021-01-14 20:48:05', '2021-01-14 20:48:05'),
(175, '2020-02-24', 12, 100, '', '', NULL, 1, 30, '2021-01-14 20:48:05', '2021-01-14 20:48:05'),
(176, '2020-02-23', 6, 101, '', '', NULL, 1, 50, '2021-01-14 20:48:05', '2021-01-14 20:48:05'),
(177, '2020-02-22', 54, 60, '', '', NULL, 1, 15, '2021-01-14 20:48:05', '2021-01-14 20:48:05'),
(178, '2020-02-22', 75, 102, '', '', NULL, 1, 30, '2021-01-14 20:48:05', '2021-01-14 20:48:05'),
(179, '2020-02-21', 54, 60, '', '', NULL, 1, 10, '2021-01-14 20:48:05', '2021-01-14 20:48:05'),
(180, '2020-02-21', 66, 103, '', '', NULL, 1, 30, '2021-01-14 20:48:05', '2021-01-14 20:48:05'),
(181, '2020-02-21', 25, 103, '', '', NULL, 1, 30, '2021-01-14 20:48:05', '2021-01-14 20:48:05'),
(182, '2020-02-21', 21, 104, '', '', NULL, 1, 20, '2021-01-14 20:48:05', '2021-01-14 20:48:05'),
(183, '2020-02-21', 76, 104, '', '', NULL, 1, 20, '2021-01-14 20:48:05', '2021-01-14 20:48:05'),
(184, '2020-02-21', 77, 105, '', '', NULL, 1, 30, '2021-01-14 20:48:05', '2021-01-14 20:48:05'),
(185, '2020-02-21', 9, 106, '', '', NULL, 1, 30, '2021-01-14 20:48:05', '2021-01-14 20:48:05'),
(186, '2020-02-21', 25, 106, '', '', NULL, 1, 30, '2021-01-14 20:48:05', '2021-01-14 20:48:05'),
(187, '2020-02-21', 12, 18, '', '', NULL, 1, 30, '2021-01-14 20:48:05', '2021-01-14 20:48:05'),
(188, '2020-02-21', 12, 107, '', '', NULL, 1, 30, '2021-01-14 20:48:05', '2021-01-14 20:48:05'),
(189, '2020-02-21', 64, 107, '', '', NULL, 1, 30, '2021-01-14 20:48:05', '2021-01-14 20:48:05'),
(190, '2020-02-21', 78, 26, '', '', NULL, 1, 50, '2021-01-14 20:48:05', '2021-01-14 20:48:05'),
(191, '2020-02-21', 79, 109, '', '', NULL, 1, 50, '2021-01-14 20:48:05', '2021-01-14 20:48:05'),
(192, '2020-02-21', 17, 109, '', '', NULL, 1, 50, '2021-01-14 20:48:05', '2021-01-14 20:48:05'),
(193, '2020-02-21', 80, 110, '', '', NULL, 1, 2000, '2021-01-14 20:48:05', '2021-01-14 20:48:05'),
(194, '2020-02-21', 12, 111, '', '', NULL, 1, 20, '2021-01-14 20:48:05', '2021-01-14 20:48:05'),
(195, '2020-02-21', 59, 111, '', '', NULL, 1, 20, '2021-01-14 20:48:05', '2021-01-14 20:48:05'),
(196, '2020-02-21', 12, 21, '', '', NULL, 1, 30, '2021-01-14 20:48:05', '2021-01-14 20:48:05'),
(197, '2020-02-21', 81, 21, '', '', NULL, 1, 30, '2021-01-14 20:48:05', '2021-01-14 20:48:05'),
(198, '2020-02-21', 82, 51, '', '', NULL, 1, 30, '2021-01-14 20:48:05', '2021-01-14 20:48:05'),
(199, '2020-02-20', 83, 114, '', '', NULL, 1, 60, '2021-01-14 20:48:05', '2021-01-14 20:48:05'),
(200, '2020-02-20', 84, 115, '', '', NULL, 1, 50, '2021-01-14 20:48:05', '2021-01-14 20:48:05'),
(201, '2020-02-20', 66, 103, '', '', NULL, 1, 30, '2021-01-14 20:48:05', '2021-01-14 20:48:05'),
(202, '2020-02-20', 25, 103, '', '', NULL, 1, 30, '2021-01-14 20:48:05', '2021-01-14 20:48:05'),
(203, '2020-02-20', 85, 116, '', '', NULL, 1, 150, '2021-01-14 20:48:05', '2021-01-14 20:48:05'),
(204, '2020-02-20', 86, 116, '', '', NULL, 1, 150, '2021-01-14 20:48:05', '2021-01-14 20:48:05'),
(205, '2020-02-20', 25, 116, '', '', NULL, 1, 150, '2021-01-14 20:48:05', '2021-01-14 20:48:05'),
(206, '2020-02-20', 78, 117, '', '', NULL, 1, 20, '2021-01-14 20:48:05', '2021-01-14 20:48:05'),
(207, '2020-02-20', 87, 118, '', '', NULL, 1, 50, '2021-01-14 20:48:05', '2021-01-14 20:48:05'),
(208, '2020-02-20', 59, 119, '', '', NULL, 1, 30, '2021-01-14 20:48:05', '2021-01-14 20:48:05'),
(209, '2020-02-20', 12, 119, '', '', NULL, 1, 30, '2021-01-14 20:48:05', '2021-01-14 20:48:05'),
(210, '2020-02-20', 17, 120, '', '', NULL, 1, 20, '2021-01-14 20:48:05', '2021-01-14 20:48:05'),
(211, '2020-02-20', 57, 121, '', '', NULL, 1, 30, '2021-01-14 20:48:05', '2021-01-14 20:48:05'),
(212, '2020-02-20', 9, 122, '', '', NULL, 1, 30, '2021-01-14 20:48:05', '2021-01-14 20:48:05'),
(213, '2020-02-20', 88, 41, '', '', NULL, 1, 20, '2021-01-14 20:48:05', '2021-01-14 20:48:05'),
(214, '2020-02-20', 89, 124, '', '', NULL, 1, 30, '2021-01-14 20:48:05', '2021-01-14 20:48:05'),
(215, '2020-02-20', 16, 125, '', '', NULL, 1, 30, '2021-01-14 20:48:05', '2021-01-14 20:48:05'),
(216, '2020-02-20', 90, 125, '', '', NULL, 1, 30, '2021-01-14 20:48:05', '2021-01-14 20:48:05'),
(217, '2020-02-20', 37, 39, '', '', NULL, 1, 30, '2021-01-14 20:48:05', '2021-01-14 20:48:05'),
(218, '2020-02-20', 15, 39, '', '', NULL, 1, 30, '2021-01-14 20:48:05', '2021-01-14 20:48:05'),
(219, '2020-02-20', 91, 21, '', '', NULL, 1, 30, '2021-01-14 20:48:05', '2021-01-14 20:48:05'),
(220, '2020-02-20', 59, 21, '', '', NULL, 1, 30, '2021-01-14 20:48:05', '2021-01-14 20:48:05'),
(221, '2020-02-20', 92, 128, '', '', NULL, 1, 30, '2021-01-14 20:48:05', '2021-01-14 20:48:05'),
(222, '2020-02-20', 28, 129, '', '', NULL, 1, 20, '2021-01-14 20:48:05', '2021-01-14 20:48:05'),
(223, '2020-02-20', 25, 130, '', '', NULL, 1, 30, '2021-01-14 20:48:05', '2021-01-14 20:48:05'),
(224, '2020-02-20', 25, 131, '', '', NULL, 1, 20, '2021-01-14 20:48:05', '2021-01-14 20:48:05'),
(225, '2020-02-20', 66, 131, '', '', NULL, 1, 20, '2021-01-14 20:48:05', '2021-01-14 20:48:05'),
(226, '2020-02-20', 12, 132, '', '', NULL, 1, 30, '2021-01-14 20:48:05', '2021-01-14 20:48:05'),
(227, '2020-02-20', 93, 132, '', '', NULL, 1, 30, '2021-01-14 20:48:05', '2021-01-14 20:48:05'),
(228, '2020-02-20', 94, 133, '', '', NULL, 1, 30, '2021-01-14 20:48:05', '2021-01-14 20:48:05'),
(229, '2020-02-20', 95, 134, '', '', NULL, 1, 30, '2021-01-14 20:48:05', '2021-01-14 20:48:05'),
(230, '2020-02-20', 17, 134, '', '', NULL, 1, 30, '2021-01-14 20:48:05', '2021-01-14 20:48:05'),
(231, '2020-02-20', 51, 132, '', '', NULL, 1, 30, '2021-01-14 20:48:05', '2021-01-14 20:48:05'),
(232, '2020-02-20', 12, 132, '', '', NULL, 1, 30, '2021-01-14 20:48:05', '2021-01-14 20:48:05'),
(233, '2020-02-20', 96, 136, '', '', NULL, 1, 50, '2021-01-14 20:48:05', '2021-01-14 20:48:05'),
(234, '2020-02-20', 25, 137, '', '', NULL, 1, 30, '2021-01-14 20:48:05', '2021-01-14 20:48:05'),
(235, '2020-02-20', 15, 138, '', '', NULL, 1, 20, '2021-01-14 20:48:05', '2021-01-14 20:48:05'),
(236, '2020-02-20', 12, 138, '', '', NULL, 1, 20, '2021-01-14 20:48:05', '2021-01-14 20:48:05'),
(237, '2020-02-20', 93, 58, '', '', NULL, 1, 30, '2021-01-14 20:48:05', '2021-01-14 20:48:05'),
(238, '2020-02-20', 12, 58, '', '', NULL, 1, 30, '2021-01-14 20:48:05', '2021-01-14 20:48:05'),
(239, '2020-02-20', 17, 139, '', '', NULL, 1, 30, '2021-01-14 20:48:05', '2021-01-14 20:48:05'),
(240, '2020-02-20', 25, 139, '', '', NULL, 1, 30, '2021-01-14 20:48:05', '2021-01-14 20:48:05'),
(241, '2020-02-20', 25, 59, '', '', NULL, 1, 30, '2021-01-14 20:48:05', '2021-01-14 20:48:05'),
(242, '2020-02-19', 7, 7, '', '', NULL, 1, 10, '2021-01-14 20:48:05', '2021-01-14 20:48:05'),
(243, '2020-02-19', 97, 140, '', '', NULL, 1, 200, '2021-01-14 20:48:05', '2021-01-14 20:48:05'),
(244, '2020-02-19', 15, 141, '', '', NULL, 1, 50, '2021-01-14 20:48:05', '2021-01-14 20:48:05'),
(245, '2020-02-19', 84, 115, '', '', NULL, 1, 50, '2021-01-14 20:48:05', '2021-01-14 20:48:05'),
(246, '2020-02-19', 12, 143, '', '', NULL, 1, 50, '2021-01-14 20:48:05', '2021-01-14 20:48:05'),
(247, '2020-02-19', 98, 103, '', '', NULL, 1, 30, '2021-01-14 20:48:05', '2021-01-14 20:48:05'),
(248, '2020-02-19', 28, 3, '', '', NULL, 1, 20, '2021-01-14 20:48:05', '2021-01-14 20:48:05'),
(249, '2020-02-19', 99, 145, '', '', NULL, 1, 50, '2021-01-14 20:48:05', '2021-01-14 20:48:05'),
(250, '2020-02-19', 12, 146, '', '', NULL, 1, 50, '2021-01-14 20:48:05', '2021-01-14 20:48:05'),
(251, '2020-02-19', 78, 146, '', '', NULL, 1, 50, '2021-01-14 20:48:05', '2021-01-14 20:48:05'),
(252, '2020-02-19', 28, 146, '', '', NULL, 1, 50, '2021-01-14 20:48:05', '2021-01-14 20:48:05'),
(253, '2020-02-19', 78, 147, '', '', NULL, 1, 30, '2021-01-14 20:48:05', '2021-01-14 20:48:05'),
(254, '2020-02-19', 12, 147, '', '', NULL, 1, 30, '2021-01-14 20:48:05', '2021-01-14 20:48:05'),
(255, '2020-02-19', 100, 148, '', '', NULL, 1, 30, '2021-01-14 20:48:05', '2021-01-14 20:48:05'),
(256, '2020-02-19', 101, 149, '', '', NULL, 1, 30, '2021-01-14 20:48:05', '2021-01-14 20:48:05'),
(257, '2020-02-19', 102, 149, '', '', NULL, 1, 30, '2021-01-14 20:48:05', '2021-01-14 20:48:05'),
(258, '2020-02-19', 103, 150, '', '', NULL, 1, 30, '2021-01-14 20:48:05', '2021-01-14 20:48:05'),
(259, '2020-02-19', 25, 151, '', '', NULL, 1, 30, '2021-01-14 20:48:05', '2021-01-14 20:48:05'),
(260, '2020-02-19', 48, 152, '', '', NULL, 1, 20, '2021-01-14 20:48:05', '2021-01-14 20:48:05'),
(261, '2020-02-19', 15, 152, '', '', NULL, 1, 20, '2021-01-14 20:48:05', '2021-01-14 20:48:05'),
(262, '2020-02-19', 104, 153, '', '', NULL, 1, 30, '2021-01-14 20:48:05', '2021-01-14 20:48:05'),
(263, '2020-02-19', 105, 153, '', '', NULL, 1, 30, '2021-01-14 20:48:05', '2021-01-14 20:48:05'),
(264, '2020-02-19', 19, 154, '', '', NULL, 1, 30, '2021-01-14 20:48:05', '2021-01-14 20:48:05'),
(265, '2020-02-19', 15, 154, '', '', NULL, 1, 30, '2021-01-14 20:48:05', '2021-01-14 20:48:05'),
(266, '2020-02-18', 54, 60, '', '', NULL, 1, 25, '2021-01-14 20:48:05', '2021-01-14 20:48:05'),
(267, '2020-02-18', 83, 155, '', '', NULL, 1, 500, '2021-01-14 20:48:05', '2021-01-14 20:48:05'),
(268, '2020-02-18', 106, 155, '', '', NULL, 1, 500, '2021-01-14 20:48:05', '2021-01-14 20:48:05'),
(269, '2020-02-18', 12, 143, '', '', NULL, 1, 50, '2021-01-14 20:48:05', '2021-01-14 20:48:05'),
(270, '2020-02-18', 9, 157, '', '', NULL, 1, 30, '2021-01-14 20:48:05', '2021-01-14 20:48:05'),
(271, '2020-02-18', 107, 158, '', '', NULL, 1, 30, '2021-01-14 20:48:05', '2021-01-14 20:48:05'),
(272, '2020-02-18', 41, 51, '', '', NULL, 1, 30, '2021-01-14 20:48:05', '2021-01-14 20:48:05'),
(273, '2020-02-18', 15, 51, '', '', NULL, 1, 30, '2021-01-14 20:48:05', '2021-01-14 20:48:05'),
(274, '2020-02-18', 41, 68, '', '', NULL, 1, 20, '2021-01-14 20:48:05', '2021-01-14 20:48:05'),
(275, '2020-02-18', 41, 122, '', '', NULL, 1, 30, '2021-01-14 20:48:05', '2021-01-14 20:48:05'),
(276, '2020-02-18', 12, 162, '', '', NULL, 1, 30, '2021-01-14 20:48:05', '2021-01-14 20:48:05'),
(277, '2020-02-18', 5, 162, '', '', NULL, 1, 30, '2021-01-14 20:48:05', '2021-01-14 20:48:05'),
(278, '2020-02-18', 108, 163, '', '', NULL, 1, 30, '2021-01-14 20:48:05', '2021-01-14 20:48:05'),
(279, '2020-02-17', 2, 164, 'BATAL', 'KARTEL', NULL, 1, 30, '2021-01-14 20:48:05', '2021-01-14 20:48:05'),
(280, '2020-02-18', 109, 163, '', '', NULL, 1, 30, '2021-01-14 20:48:05', '2021-01-14 20:48:05'),
(281, '2020-02-18', 110, 165, '', '', NULL, 1, 30, '2021-01-14 20:48:05', '2021-01-14 20:48:05'),
(282, '2020-02-18', 12, 166, '', '', NULL, 1, 30, '2021-01-14 20:48:05', '2021-01-14 20:48:05'),
(283, '2020-02-18', 15, 166, '', '', NULL, 1, 30, '2021-01-14 20:48:05', '2021-01-14 20:48:05'),
(284, '2020-02-18', 15, 167, '', '', NULL, 1, 30, '2021-01-14 20:48:05', '2021-01-14 20:48:05'),
(285, '2020-02-18', 12, 167, '', '', NULL, 1, 30, '2021-01-14 20:48:05', '2021-01-14 20:48:05'),
(286, '2020-02-17', 7, 7, '', '', NULL, 1, 10, '2021-01-14 20:48:05', '2021-01-14 20:48:05'),
(287, '2020-02-17', 111, 168, '', '', NULL, 1, 150, '2021-01-14 20:48:05', '2021-01-14 20:48:05'),
(288, '2020-02-17', 112, 169, '', '', NULL, 1, 100, '2021-01-14 20:48:05', '2021-01-14 20:48:05'),
(289, '2020-02-17', 28, 170, '', '', NULL, 1, 50, '2021-01-14 20:48:05', '2021-01-14 20:48:05'),
(290, '2020-02-17', 12, 170, '', '', NULL, 1, 50, '2021-01-14 20:48:05', '2021-01-14 20:48:05'),
(291, '2020-02-17', 20, 170, '', '', NULL, 1, 50, '2021-01-14 20:48:05', '2021-01-14 20:48:05'),
(292, '2020-02-17', 9, 25, '', '', NULL, 1, 30, '2021-01-14 20:48:05', '2021-01-14 20:48:05'),
(293, '2020-02-17', 113, 172, '', '', NULL, 1, 20, '2021-01-14 20:48:05', '2021-01-14 20:48:05'),
(294, '2020-02-17', 94, 24, '', '', NULL, 1, 30, '2021-01-14 20:48:05', '2021-01-14 20:48:05'),
(295, '2020-02-17', 114, 24, '', '', NULL, 1, 30, '2021-01-14 20:48:05', '2021-01-14 20:48:05'),
(296, '2020-02-17', 115, 174, '', '', NULL, 1, 20, '2021-01-14 20:48:05', '2021-01-14 20:48:05'),
(297, '2020-02-17', 116, 175, '', '', NULL, 1, 20, '2021-01-14 20:48:05', '2021-01-14 20:48:05'),
(298, '2020-02-17', 117, 175, '', '', NULL, 1, 20, '2021-01-14 20:48:05', '2021-01-14 20:48:05'),
(299, '2020-02-17', 25, 14, '', '', NULL, 1, 30, '2021-01-14 20:48:05', '2021-01-14 20:48:05'),
(300, '2020-02-17', 57, 177, '', '', NULL, 1, 30, '2021-01-14 20:48:05', '2021-01-14 20:48:05'),
(301, '2020-02-17', 12, 178, '', '', NULL, 1, 30, '2021-01-14 20:48:05', '2021-01-14 20:48:05'),
(302, '2020-02-17', 118, 178, '', '', NULL, 1, 30, '2021-01-14 20:48:05', '2021-01-14 20:48:05'),
(303, '2020-02-17', 119, 179, '', '', NULL, 1, 200, '2021-01-14 20:48:05', '2021-01-14 20:48:05'),
(304, '2020-02-17', 78, 57, '', '', NULL, 1, 50, '2021-01-14 20:48:05', '2021-01-14 20:48:05'),
(305, '2020-02-17', 66, 131, '', '', NULL, 1, 30, '2021-01-14 20:48:05', '2021-01-14 20:48:05'),
(306, '2020-02-17', 66, 131, '', '', NULL, 1, 30, '2021-01-14 20:48:05', '2021-01-14 20:48:05'),
(307, '2020-02-17', 25, 131, '', '', NULL, 1, 30, '2021-01-14 20:48:05', '2021-01-14 20:48:05'),
(308, '2020-02-17', 25, 131, '', '', NULL, 1, 30, '2021-01-14 20:48:05', '2021-01-14 20:48:05'),
(309, '2020-02-17', 120, 182, '', '', NULL, 1, 30, '2021-01-14 20:48:05', '2021-01-14 20:48:05'),
(310, '2020-02-17', 12, 183, '', '', NULL, 1, 30, '2021-01-14 20:48:05', '2021-01-14 20:48:05'),
(311, '2020-02-17', 74, 184, '', '', NULL, 1, 30, '2021-01-14 20:48:05', '2021-01-14 20:48:05'),
(312, '2020-02-17', 12, 184, '', '', NULL, 1, 30, '2021-01-14 20:48:05', '2021-01-14 20:48:05'),
(313, '2020-02-17', 1, 164, 'BATAL', 'KARTEL', NULL, 1, 30, '2021-01-14 20:48:05', '2021-01-14 20:48:05'),
(314, '2020-02-17', 121, 185, '', '', NULL, 1, 30, '2021-01-14 20:48:05', '2021-01-14 20:48:05'),
(315, '2020-02-17', 122, 186, '', '', NULL, 1, 30, '2021-01-14 20:48:05', '2021-01-14 20:48:05'),
(316, '2020-02-17', 123, 187, '', '', NULL, 1, 30, '2021-01-14 20:48:05', '2021-01-14 20:48:05'),
(317, '2020-02-17', 124, 188, '', '', NULL, 1, 30, '2021-01-14 20:48:05', '2021-01-14 20:48:05'),
(318, '2020-02-17', 28, 189, '', '', NULL, 1, 30, '2021-01-14 20:48:05', '2021-01-14 20:48:05'),
(319, '2020-02-17', 125, 190, '', '', NULL, 1, 100, '2021-01-14 20:48:05', '2021-01-14 20:48:05'),
(320, '2020-02-15', 7, 7, '', '', NULL, 1, 15, '2021-01-14 20:48:05', '2021-01-14 20:48:05'),
(321, '2020-02-15', 6, 191, '', '', NULL, 1, 50, '2021-01-14 20:48:05', '2021-01-14 20:48:05'),
(322, '2020-02-14', 7, 7, '', '', NULL, 1, 10, '2021-01-14 20:48:05', '2021-01-14 20:48:05'),
(323, '2020-02-14', 119, 179, '', '', NULL, 1, 100, '2021-01-14 20:48:05', '2021-01-14 20:48:05'),
(324, '2020-02-14', 126, 193, '', '', NULL, 1, 50, '2021-01-14 20:48:05', '2021-01-14 20:48:05'),
(325, '2020-02-14', 127, 193, '', '', NULL, 1, 50, '2021-01-14 20:48:05', '2021-01-14 20:48:05'),
(326, '2020-02-14', 25, 194, '', '', NULL, 1, 30, '2021-01-14 20:48:05', '2021-01-14 20:48:05'),
(327, '2020-02-14', 12, 195, '', '', NULL, 1, 30, '2021-01-14 20:48:05', '2021-01-14 20:48:05'),
(328, '2020-02-14', 12, 196, '', '', NULL, 1, 30, '2021-01-14 20:48:05', '2021-01-14 20:48:05'),
(329, '2020-02-14', 20, 196, '', '', NULL, 1, 30, '2021-01-14 20:48:05', '2021-01-14 20:48:05'),
(330, '2020-02-14', 128, 197, '', '', NULL, 1, 200, '2021-01-14 20:48:05', '2021-01-14 20:48:05'),
(331, '2020-02-14', 6, 198, '', '', NULL, 1, 100, '2021-01-14 20:48:05', '2021-01-14 20:48:05'),
(332, '2020-02-14', 25, 199, '', '', NULL, 1, 30, '2021-01-14 20:48:05', '2021-01-14 20:48:05'),
(333, '2020-02-14', 129, 199, '', '', NULL, 1, 30, '2021-01-14 20:48:05', '2021-01-14 20:48:05'),
(334, '2020-02-14', 130, 200, '', '', NULL, 1, 30, '2021-01-14 20:48:05', '2021-01-14 20:48:05'),
(335, '2020-02-14', 59, 201, '', '', NULL, 1, 30, '2021-01-14 20:48:05', '2021-01-14 20:48:05'),
(336, '2020-02-14', 15, 49, '', '', NULL, 1, 30, '2021-01-14 20:48:05', '2021-01-14 20:48:05'),
(337, '2020-02-14', 122, 49, '', '', NULL, 1, 30, '2021-01-14 20:48:05', '2021-01-14 20:48:05'),
(338, '2020-02-14', 17, 202, '', '', NULL, 1, 30, '2021-01-14 20:48:05', '2021-01-14 20:48:05'),
(339, '2020-02-14', 131, 202, '', '', NULL, 1, 30, '2021-01-14 20:48:05', '2021-01-14 20:48:05'),
(340, '2020-02-14', 17, 4, '', '', NULL, 1, 30, '2021-01-14 20:48:05', '2021-01-14 20:48:05'),
(341, '2020-02-14', 95, 4, '', '', NULL, 1, 30, '2021-01-14 20:48:05', '2021-01-14 20:48:05'),
(342, '2020-02-14', 48, 175, '', '', NULL, 1, 30, '2021-01-14 20:48:05', '2021-01-14 20:48:05'),
(343, '2020-02-14', 132, 175, '', '', NULL, 1, 30, '2021-01-14 20:48:05', '2021-01-14 20:48:05'),
(344, '2020-02-14', 12, 205, '', '', NULL, 1, 30, '2021-01-14 20:48:05', '2021-01-14 20:48:05'),
(345, '2020-02-14', 59, 205, '', '', NULL, 1, 30, '2021-01-14 20:48:05', '2021-01-14 20:48:05'),
(346, '2020-02-14', 12, 206, '', '', NULL, 1, 30, '2021-01-14 20:48:05', '2021-01-14 20:48:05'),
(347, '2020-02-14', 133, 206, '', '', NULL, 1, 30, '2021-01-14 20:48:05', '2021-01-14 20:48:05'),
(348, '2020-02-14', 12, 207, '', '', NULL, 1, 30, '2021-01-14 20:48:05', '2021-01-14 20:48:05'),
(349, '2020-02-14', 21, 207, '', '', NULL, 1, 30, '2021-01-14 20:48:05', '2021-01-14 20:48:05'),
(350, '2020-02-14', 12, 208, '', '', NULL, 1, 30, '2021-01-14 20:48:05', '2021-01-14 20:48:05'),
(351, '2020-02-14', 57, 208, '', '', NULL, 1, 30, '2021-01-14 20:48:05', '2021-01-14 20:48:05'),
(352, '2020-02-14', 12, 209, '', '', NULL, 1, 30, '2021-01-14 20:48:05', '2021-01-14 20:48:05'),
(353, '2020-02-14', 37, 209, '', '', NULL, 1, 30, '2021-01-14 20:48:05', '2021-01-14 20:48:05'),
(354, '2020-02-14', 12, 1, '', '', NULL, 1, 30, '2021-01-14 20:48:05', '2021-01-14 20:48:05'),
(355, '2020-02-14', 34, 211, '', '', NULL, 1, 30, '2021-01-14 20:48:05', '2021-01-14 20:48:05'),
(356, '2020-02-14', 134, 211, '', '', NULL, 1, 30, '2021-01-14 20:48:05', '2021-01-14 20:48:05'),
(357, '2020-02-14', 28, 3, '', '', NULL, 1, 30, '2021-01-14 20:48:05', '2021-01-14 20:48:05'),
(358, '2020-02-14', 135, 3, '', '', NULL, 1, 30, '2021-01-14 20:48:05', '2021-01-14 20:48:05'),
(359, '2020-02-14', 28, 106, '', '', NULL, 1, 20, '2021-01-14 20:48:05', '2021-01-14 20:48:05'),
(360, '2020-02-14', 25, 106, '', '', NULL, 1, 20, '2021-01-14 20:48:05', '2021-01-14 20:48:05'),
(361, '2020-02-14', 78, 26, '', '', NULL, 1, 30, '2021-01-14 20:48:05', '2021-01-14 20:48:05'),
(362, '2020-02-14', 136, 214, '', '', NULL, 1, 30, '2021-01-14 20:48:05', '2021-01-14 20:48:05'),
(363, '2020-02-14', 137, 215, '', '', NULL, 1, 25, '2021-01-14 20:48:05', '2021-01-14 20:48:05'),
(364, '2020-02-14', 138, 216, '', '', NULL, 1, 30, '2021-01-14 20:48:05', '2021-01-14 20:48:05'),
(365, '2020-02-14', 139, 216, '', '', NULL, 1, 30, '2021-01-14 20:48:05', '2021-01-14 20:48:05'),
(366, '2020-02-14', 25, 217, '', '', NULL, 1, 30, '2021-01-14 20:48:05', '2021-01-14 20:48:05'),
(367, '2020-02-14', 140, 218, '', '', NULL, 1, 30, '2021-01-14 20:48:05', '2021-01-14 20:48:05'),
(368, '2020-02-14', 12, 218, '', '', NULL, 1, 30, '2021-01-14 20:48:05', '2021-01-14 20:48:05'),
(369, '2020-02-14', 12, 99, '', '', NULL, 1, 30, '2021-01-14 20:48:05', '2021-01-14 20:48:05'),
(370, '2020-02-13', 25, 24, '', '', NULL, 1, 30, '2021-01-14 20:48:05', '2021-01-14 20:48:05'),
(371, '2020-02-13', 126, 193, '', '', NULL, 1, 50, '2021-01-14 20:48:05', '2021-01-14 20:48:05'),
(372, '2020-02-13', 127, 193, '', '', NULL, 1, 50, '2021-01-14 20:48:05', '2021-01-14 20:48:05'),
(373, '2020-02-13', 141, 97, '', '', NULL, 1, 30, '2021-01-14 20:48:05', '2021-01-14 20:48:05'),
(374, '2020-02-13', 142, 222, '', '', NULL, 1, 50, '2021-01-14 20:48:05', '2021-01-14 20:48:05'),
(375, '2020-02-13', 143, 222, '', '', NULL, 1, 50, '2021-01-14 20:48:05', '2021-01-14 20:48:05'),
(376, '2020-02-13', 25, 24, '', '', NULL, 1, 30, '2021-01-14 20:48:05', '2021-01-14 20:48:05'),
(377, '2020-02-13', 98, 15, '', '', NULL, 1, 30, '2021-01-14 20:48:05', '2021-01-14 20:48:05'),
(378, '2020-02-13', 144, 225, '', '', NULL, 1, 30, '2021-01-14 20:48:05', '2021-01-14 20:48:05'),
(379, '2020-02-13', 145, 225, '', '', NULL, 1, 30, '2021-01-14 20:48:05', '2021-01-14 20:48:05'),
(380, '2020-02-13', 57, 226, '', '', NULL, 1, 30, '2021-01-14 20:48:05', '2021-01-14 20:48:05'),
(381, '2020-02-13', 17, 226, '', '', NULL, 1, 30, '2021-01-14 20:48:05', '2021-01-14 20:48:05'),
(382, '2020-02-13', 137, 227, '', '', NULL, 1, 30, '2021-01-14 20:48:05', '2021-01-14 20:48:05'),
(383, '2020-02-13', 17, 227, '', '', NULL, 1, 30, '2021-01-14 20:48:05', '2021-01-14 20:48:05'),
(384, '2020-02-13', 146, 228, '', '', NULL, 1, 30, '2021-01-14 20:48:05', '2021-01-14 20:48:05'),
(385, '2020-02-13', 147, 228, '', '', NULL, 1, 30, '2021-01-14 20:48:05', '2021-01-14 20:48:05'),
(386, '2020-02-13', 12, 215, '', '', NULL, 1, 30, '2021-01-14 20:48:05', '2021-01-14 20:48:05'),
(387, '2020-02-13', 148, 230, '', '', NULL, 1, 30, '2021-01-14 20:48:05', '2021-01-14 20:48:05'),
(388, '2020-02-13', 149, 230, '', '', NULL, 1, 30, '2021-01-14 20:48:05', '2021-01-14 20:48:05'),
(389, '2020-02-13', 25, 231, '', '', NULL, 1, 30, '2021-01-14 20:48:05', '2021-01-14 20:48:05'),
(390, '2020-02-13', 64, 231, '', '', NULL, 1, 30, '2021-01-14 20:48:05', '2021-01-14 20:48:05'),
(391, '2020-02-13', 15, 232, '', '', NULL, 1, 30, '2021-01-14 20:48:05', '2021-01-14 20:48:05'),
(392, '2020-02-13', 150, 233, '', '', NULL, 1, 30, '2021-01-14 20:48:05', '2021-01-14 20:48:05'),
(393, '2020-02-13', 151, 233, '', '', NULL, 1, 30, '2021-01-14 20:48:05', '2021-01-14 20:48:05'),
(394, '2020-02-13', 25, 151, '', '', NULL, 1, 30, '2021-01-14 20:48:05', '2021-01-14 20:48:05'),
(395, '2020-02-13', 152, 151, '', '', NULL, 1, 30, '2021-01-14 20:48:05', '2021-01-14 20:48:05'),
(396, '2020-02-13', 153, 235, '', '', NULL, 1, 30, '2021-01-14 20:48:05', '2021-01-14 20:48:05'),
(397, '2020-02-13', 17, 235, '', '', NULL, 1, 30, '2021-01-14 20:48:05', '2021-01-14 20:48:05'),
(398, '2020-02-13', 66, 236, '', '', NULL, 1, 30, '2021-01-14 20:48:05', '2021-01-14 20:48:05'),
(399, '2020-02-13', 25, 236, '', '', NULL, 1, 30, '2021-01-14 20:48:05', '2021-01-14 20:48:05'),
(400, '2020-02-13', 154, 129, '', '', NULL, 1, 30, '2021-01-14 20:48:05', '2021-01-14 20:48:05'),
(401, '2020-02-13', 12, 238, '', '', NULL, 1, 30, '2021-01-14 20:48:05', '2021-01-14 20:48:05'),
(402, '2020-02-13', 12, 239, '', '', NULL, 1, 30, '2021-01-14 20:48:05', '2021-01-14 20:48:05'),
(403, '2020-02-13', 155, 239, '', '', NULL, 1, 30, '2021-01-14 20:48:05', '2021-01-14 20:48:05'),
(404, '2020-02-13', 12, 183, '', '', NULL, 1, 30, '2021-01-14 20:48:05', '2021-01-14 20:48:05'),
(405, '2020-02-13', 21, 183, '', '', NULL, 1, 30, '2021-01-14 20:48:05', '2021-01-14 20:48:05'),
(406, '2020-02-13', 156, 22, '', '', NULL, 1, 30, '2021-01-14 20:48:05', '2021-01-14 20:48:05'),
(407, '2020-02-13', 28, 131, '', '', NULL, 1, 30, '2021-01-14 20:48:05', '2021-01-14 20:48:05'),
(408, '2020-02-13', 66, 131, '', '', NULL, 1, 30, '2021-01-14 20:48:05', '2021-01-14 20:48:05'),
(409, '2020-02-13', 51, 242, '', '', NULL, 1, 30, '2021-01-14 20:48:05', '2021-01-14 20:48:05'),
(410, '2020-02-13', 12, 242, '', '', NULL, 1, 30, '2021-01-14 20:48:05', '2021-01-14 20:48:05'),
(411, '2020-02-13', 12, 39, '', '', NULL, 1, 20, '2021-01-14 20:48:05', '2021-01-14 20:48:05'),
(412, '2020-02-13', 25, 59, '', '', NULL, 1, 30, '2021-01-14 20:48:05', '2021-01-14 20:48:05'),
(413, '2020-02-12', 7, 60, '', '', NULL, 1, 10, '2021-01-14 20:48:05', '2021-01-14 20:48:05'),
(414, '2020-02-12', 9, 243, '', '', NULL, 1, 5000, '2021-01-14 20:48:05', '2021-01-14 20:48:05'),
(415, '2020-02-12', 25, 244, '', '', NULL, 1, 500, '2021-01-14 20:48:05', '2021-01-14 20:48:05'),
(416, '2020-02-12', 15, 244, '', '', NULL, 1, 500, '2021-01-14 20:48:05', '2021-01-14 20:48:05'),
(417, '2020-02-12', 84, 115, '', '', NULL, 1, 50, '2021-01-14 20:48:05', '2021-01-14 20:48:05'),
(418, '2020-02-12', 126, 193, '', '', NULL, 1, 50, '2021-01-14 20:48:05', '2021-01-14 20:48:05'),
(419, '2020-02-12', 127, 193, '', '', NULL, 1, 50, '2021-01-14 20:48:05', '2021-01-14 20:48:05'),
(420, '2020-02-12', 157, 246, '', '', NULL, 1, 30, '2021-01-14 20:48:05', '2021-01-14 20:48:05'),
(421, '2020-02-12', 151, 246, '', '', NULL, 1, 30, '2021-01-14 20:48:05', '2021-01-14 20:48:05'),
(422, '2020-02-12', 15, 175, '', '', NULL, 1, 30, '2021-01-14 20:48:05', '2021-01-14 20:48:05'),
(423, '2020-02-12', 158, 175, '', '', NULL, 1, 30, '2021-01-14 20:48:05', '2021-01-14 20:48:05'),
(424, '2020-02-12', 9, 41, '', '', NULL, 1, 30, '2021-01-14 20:48:05', '2021-01-14 20:48:05'),
(425, '2020-02-12', 27, 41, '', '', NULL, 1, 30, '2021-01-14 20:48:05', '2021-01-14 20:48:05'),
(426, '2020-02-12', 29, 172, '', '', NULL, 1, 30, '2021-01-14 20:48:05', '2021-01-14 20:48:05'),
(427, '2020-02-12', 118, 174, '', '', NULL, 1, 30, '2021-01-14 20:48:05', '2021-01-14 20:48:05'),
(428, '2020-02-12', 59, 251, '', '', NULL, 1, 30, '2021-01-14 20:48:05', '2021-01-14 20:48:05'),
(429, '2020-02-12', 147, 251, '', '', NULL, 1, 30, '2021-01-14 20:48:05', '2021-01-14 20:48:05'),
(430, '2020-02-12', 28, 252, '', '', NULL, 1, 30, '2021-01-14 20:48:05', '2021-01-14 20:48:05'),
(431, '2020-02-12', 159, 253, '', '', NULL, 1, 30, '2021-01-14 20:48:05', '2021-01-14 20:48:05'),
(432, '2020-02-12', 160, 198, '', '', NULL, 1, 30, '2021-01-14 20:48:05', '2021-01-14 20:48:05'),
(433, '2020-02-12', 12, 255, '', '', NULL, 1, 30, '2021-01-14 20:48:05', '2021-01-14 20:48:05'),
(434, '2020-02-12', 93, 255, '', '', NULL, 1, 30, '2021-01-14 20:48:05', '2021-01-14 20:48:05'),
(435, '2020-02-12', 161, 128, '', '', NULL, 1, 30, '2021-01-14 20:48:05', '2021-01-14 20:48:05'),
(436, '2020-02-12', 28, 257, '', '', NULL, 1, 50, '2021-01-14 20:48:05', '2021-01-14 20:48:05'),
(437, '2020-02-12', 12, 208, '', '', NULL, 1, 30, '2021-01-14 20:48:05', '2021-01-14 20:48:05'),
(438, '2020-02-12', 17, 208, '', '', NULL, 1, 30, '2021-01-14 20:48:05', '2021-01-14 20:48:05'),
(439, '2020-02-12', 162, 259, '', '', NULL, 1, 200, '2021-01-14 20:48:05', '2021-01-14 20:48:05'),
(440, '2020-02-12', 15, 260, '', '', NULL, 1, 30, '2021-01-14 20:48:05', '2021-01-14 20:48:05'),
(441, '2020-02-12', 163, 260, '', '', NULL, 1, 30, '2021-01-14 20:48:05', '2021-01-14 20:48:05'),
(442, '2020-02-12', 17, 209, '', '', NULL, 1, 30, '2021-01-14 20:48:05', '2021-01-14 20:48:05'),
(443, '2020-02-12', 164, 209, '', '', NULL, 1, 30, '2021-01-14 20:48:05', '2021-01-14 20:48:05'),
(444, '2020-02-12', 17, 262, '', '', NULL, 1, 30, '2021-01-14 20:48:05', '2021-01-14 20:48:05'),
(445, '2020-02-12', 165, 262, '', '', NULL, 1, 30, '2021-01-14 20:48:05', '2021-01-14 20:48:05'),
(446, '2020-02-12', 140, 263, '', '', NULL, 1, 30, '2021-01-14 20:48:05', '2021-01-14 20:48:05'),
(447, '2020-02-12', 9, 264, '', '', NULL, 1, 30, '2021-01-14 20:48:05', '2021-01-14 20:48:05'),
(448, '2020-02-12', 19, 82, '', '', NULL, 1, 20, '2021-01-14 20:48:05', '2021-01-14 20:48:05'),
(449, '2020-02-12', 15, 82, '', '', NULL, 1, 20, '2021-01-14 20:48:05', '2021-01-14 20:48:05'),
(450, '2020-02-12', 12, 266, '', '', NULL, 1, 30, '2021-01-14 20:48:05', '2021-01-14 20:48:05'),
(451, '2020-02-12', 133, 266, '', '', NULL, 1, 30, '2021-01-14 20:48:05', '2021-01-14 20:48:05'),
(452, '2020-02-12', 12, 71, '', '', NULL, 1, 30, '2021-01-14 20:48:05', '2021-01-14 20:48:05'),
(453, '2020-02-12', 59, 71, '', '', NULL, 1, 30, '2021-01-14 20:48:05', '2021-01-14 20:48:05'),
(454, '2020-02-12', 12, 267, '', '', NULL, 1, 30, '2021-01-14 20:48:05', '2021-01-14 20:48:05'),
(455, '2020-02-12', 28, 268, '', '', NULL, 1, 30, '2021-01-14 20:48:05', '2021-01-14 20:48:05'),
(456, '2020-02-12', 28, 269, '', '', NULL, 1, 30, '2021-01-14 20:48:05', '2021-01-14 20:48:05'),
(457, '2020-02-12', 66, 269, '', '', NULL, 1, 30, '2021-01-14 20:48:05', '2021-01-14 20:48:05'),
(458, '2020-02-12', 28, 270, '', '', NULL, 1, 30, '2021-01-14 20:48:05', '2021-01-14 20:48:05'),
(459, '2020-02-12', 166, 270, '', '', NULL, 1, 30, '2021-01-14 20:48:05', '2021-01-14 20:48:05'),
(460, '2020-02-12', 78, 271, '', '', NULL, 1, 30, '2021-01-14 20:48:05', '2021-01-14 20:48:05'),
(461, '2020-02-12', 28, 271, '', '', NULL, 1, 30, '2021-01-14 20:48:05', '2021-01-14 20:48:05'),
(462, '2020-02-12', 5, 95, '', '', NULL, 1, 30, '2021-01-14 20:48:05', '2021-01-14 20:48:05'),
(463, '2020-02-12', 17, 30, '', '', NULL, 1, 100, '2021-01-14 20:48:05', '2021-01-14 20:48:05'),
(464, '2020-02-12', 167, 177, '', '', NULL, 1, 30, '2021-01-14 20:48:05', '2021-01-14 20:48:05'),
(465, '2020-02-12', 78, 275, '', '', NULL, 1, 50, '2021-01-14 20:48:05', '2021-01-14 20:48:05'),
(466, '2020-02-11', 126, 193, '', '', NULL, 1, 30, '2021-01-14 20:48:05', '2021-01-14 20:48:05'),
(467, '2020-02-11', 127, 193, '', '', NULL, 1, 30, '2021-01-14 20:48:05', '2021-01-14 20:48:05'),
(468, '2020-02-11', 168, 118, '', '', NULL, 1, 50, '2021-01-14 20:48:05', '2021-01-14 20:48:05'),
(469, '2020-02-11', 17, 278, '', '', NULL, 1, 30, '2021-01-14 20:48:05', '2021-01-14 20:48:05'),
(470, '2020-02-11', 164, 278, '', '', NULL, 1, 30, '2021-01-14 20:48:05', '2021-01-14 20:48:05'),
(471, '2020-02-11', 169, 279, '', '', NULL, 1, 20, '2021-01-14 20:48:05', '2021-01-14 20:48:05'),
(472, '2020-02-11', 164, 280, '', '', NULL, 1, 30, '2021-01-14 20:48:05', '2021-01-14 20:48:05'),
(473, '2020-02-11', 17, 280, '', '', NULL, 1, 30, '2021-01-14 20:48:05', '2021-01-14 20:48:05'),
(474, '2020-02-10', 54, 60, '', '', NULL, 1, 30, '2021-01-14 20:48:05', '2021-01-14 20:48:05'),
(475, '2020-02-10', 66, 281, '', '', NULL, 1, 40, '2021-01-14 20:48:05', '2021-01-14 20:48:05'),
(476, '2020-02-10', 28, 281, '', '', NULL, 1, 40, '2021-01-14 20:48:05', '2021-01-14 20:48:05'),
(477, '2020-02-10', 118, 281, '', '', NULL, 1, 40, '2021-01-14 20:48:05', '2021-01-14 20:48:05'),
(478, '2020-02-10', 126, 193, '', '', NULL, 1, 50, '2021-01-14 20:48:05', '2021-01-14 20:48:05'),
(479, '2020-02-10', 127, 193, '', '', NULL, 1, 50, '2021-01-14 20:48:05', '2021-01-14 20:48:05'),
(480, '2020-02-10', 17, 283, '', '', NULL, 1, 30, '2021-01-14 20:48:05', '2021-01-14 20:48:05'),
(481, '2020-02-10', 170, 284, '', '', NULL, 1, 30, '2021-01-14 20:48:05', '2021-01-14 20:48:05'),
(482, '2020-02-10', 171, 285, '', '', NULL, 1, 30, '2021-01-14 20:48:05', '2021-01-14 20:48:05'),
(483, '2020-02-10', 14, 286, '', '', NULL, 1, 50, '2021-01-14 20:48:05', '2021-01-14 20:48:05'),
(484, '2020-02-10', 37, 39, '', '', NULL, 1, 30, '2021-01-14 20:48:05', '2021-01-14 20:48:05'),
(485, '2020-02-10', 15, 39, '', '', NULL, 1, 30, '2021-01-14 20:48:05', '2021-01-14 20:48:05'),
(486, '2020-02-10', 25, 287, '', '', NULL, 1, 30, '2021-01-14 20:48:05', '2021-01-14 20:48:05'),
(487, '2020-02-10', 152, 287, '', '', NULL, 1, 30, '2021-01-14 20:48:05', '2021-01-14 20:48:05'),
(488, '2020-02-10', 17, 264, '', '', NULL, 1, 30, '2021-01-14 20:48:05', '2021-01-14 20:48:05'),
(489, '2020-02-10', 17, 71, '', '', NULL, 1, 30, '2021-01-14 20:48:05', '2021-01-14 20:48:05'),
(490, '2020-02-10', 172, 71, '', '', NULL, 1, 30, '2021-01-14 20:48:05', '2021-01-14 20:48:05'),
(491, '2020-02-10', 172, 290, '', '', NULL, 1, 30, '2021-01-14 20:48:05', '2021-01-14 20:48:05'),
(492, '2020-02-10', 17, 290, '', '', NULL, 1, 30, '2021-01-14 20:48:05', '2021-01-14 20:48:05'),
(493, '2020-02-10', 173, 266, '', '', NULL, 1, 30, '2021-01-14 20:48:05', '2021-01-14 20:48:05'),
(494, '2020-02-10', 17, 266, '', '', NULL, 1, 30, '2021-01-14 20:48:05', '2021-01-14 20:48:05'),
(495, '2020-02-10', 59, 292, '', '', NULL, 1, 30, '2021-01-14 20:48:05', '2021-01-14 20:48:05'),
(496, '2020-02-10', 12, 292, '', '', NULL, 1, 30, '2021-01-14 20:48:05', '2021-01-14 20:48:05'),
(497, '2020-02-10', 174, 293, '', '', NULL, 1, 30, '2021-01-14 20:48:05', '2021-01-14 20:48:05'),
(498, '2020-02-10', 27, 26, '', '', NULL, 1, 50, '2021-01-14 20:48:05', '2021-01-14 20:48:05'),
(499, '2020-02-10', 12, 183, '', '', NULL, 1, 30, '2021-01-14 20:48:05', '2021-01-14 20:48:05'),
(500, '2020-02-10', 21, 183, '', '', NULL, 1, 30, '2021-01-14 20:48:05', '2021-01-14 20:48:05'),
(501, '2020-02-10', 175, 236, '', '', NULL, 1, 30, '2021-01-14 20:48:05', '2021-01-14 20:48:05'),
(502, '2020-02-10', 12, 236, '', '', NULL, 1, 30, '2021-01-14 20:48:05', '2021-01-14 20:48:05'),
(503, '2020-02-10', 57, 295, '', '', NULL, 1, 30, '2021-01-14 20:48:05', '2021-01-14 20:48:05'),
(504, '2020-02-10', 176, 296, '', '', NULL, 1, 30, '2021-01-14 20:48:05', '2021-01-14 20:48:05'),
(505, '2020-02-10', 66, 139, '', '', NULL, 1, 30, '2021-01-14 20:48:05', '2021-01-14 20:48:05'),
(506, '2020-02-27', 2, 297, 'TERLAKSANA', 'KARTEL', NULL, 1, 30, '2021-01-14 20:48:05', '2021-01-14 20:48:05'),
(507, '2020-02-27', 1, 297, 'TERLAKSANA', 'KARTEL', NULL, 1, 30, '2021-01-14 20:48:05', '2021-01-14 20:48:05'),
(508, '2020-02-08', 54, 60, '', '', NULL, 1, 15, '2021-01-14 20:48:05', '2021-01-14 20:48:05'),
(509, '2020-02-08', 126, 193, '', '', NULL, 1, 50, '2021-01-14 20:48:05', '2021-01-14 20:48:05'),
(510, '2020-02-08', 127, 193, '', '', NULL, 1, 50, '2021-01-14 20:48:05', '2021-01-14 20:48:05'),
(511, '2020-02-07', 54, 60, '', '', NULL, 1, 10, '2021-01-14 20:48:05', '2021-01-14 20:48:05'),
(512, '2020-02-07', 177, 193, '', '', NULL, 1, 50, '2021-01-14 20:48:05', '2021-01-14 20:48:05'),
(513, '2020-02-07', 127, 193, '', '', NULL, 1, 50, '2021-01-14 20:48:05', '2021-01-14 20:48:05'),
(514, '2020-02-07', 12, 299, '', '', NULL, 1, 20, '2021-01-14 20:48:05', '2021-01-14 20:48:05'),
(515, '2020-02-07', 87, 299, '', '', NULL, 1, 20, '2021-01-14 20:48:05', '2021-01-14 20:48:05'),
(516, '2020-02-07', 178, 300, '', '', NULL, 1, 200, '2021-01-14 20:48:05', '2021-01-14 20:48:05'),
(517, '2020-02-07', 15, 301, '', '', NULL, 1, 30, '2021-01-14 20:48:05', '2021-01-14 20:48:05'),
(518, '2020-02-07', 12, 301, '', '', NULL, 1, 30, '2021-01-14 20:48:05', '2021-01-14 20:48:05'),
(519, '2020-02-07', 12, 302, '', '', NULL, 1, 30, '2021-01-14 20:48:05', '2021-01-14 20:48:05'),
(520, '2020-02-07', 28, 302, '', '', NULL, 1, 30, '2021-01-14 20:48:05', '2021-01-14 20:48:05'),
(521, '2020-02-07', 12, 15, '', '', NULL, 1, 30, '2021-01-14 20:48:05', '2021-01-14 20:48:05'),
(522, '2020-02-07', 28, 15, '', '', NULL, 1, 30, '2021-01-14 20:48:05', '2021-01-14 20:48:05'),
(523, '2020-02-07', 12, 21, '', '', NULL, 1, 30, '2021-01-14 20:48:05', '2021-01-14 20:48:05'),
(524, '2020-02-07', 179, 21, '', '', NULL, 1, 30, '2021-01-14 20:48:05', '2021-01-14 20:48:05');
INSERT INTO `demonstration` (`id`, `date`, `id_location`, `id_allience`, `status`, `issue`, `basis_universitas`, `rengiat`, `mass_amount`, `created_at`, `updated_at`) VALUES
(525, '2020-02-07', 28, 305, '', '', NULL, 1, 30, '2021-01-14 20:48:05', '2021-01-14 20:48:05'),
(526, '2020-02-07', 25, 305, '', '', NULL, 1, 30, '2021-01-14 20:48:05', '2021-01-14 20:48:05'),
(527, '2020-02-07', 12, 3, '', '', NULL, 1, 30, '2021-01-14 20:48:05', '2021-01-14 20:48:05'),
(528, '2020-02-07', 5, 3, '', '', NULL, 1, 30, '2021-01-14 20:48:05', '2021-01-14 20:48:05'),
(529, '2020-02-07', 180, 307, '', '', NULL, 1, 30, '2021-01-14 20:48:05', '2021-01-14 20:48:05'),
(530, '2020-02-07', 17, 307, '', '', NULL, 1, 30, '2021-01-14 20:48:05', '2021-01-14 20:48:05'),
(531, '2020-02-07', 51, 308, '', '', NULL, 1, 30, '2021-01-14 20:48:05', '2021-01-14 20:48:05'),
(532, '2020-02-07', 12, 308, '', '', NULL, 1, 30, '2021-01-14 20:48:05', '2021-01-14 20:48:05'),
(533, '2020-02-07', 181, 309, '', '', NULL, 1, 20, '2021-01-14 20:48:05', '2021-01-14 20:48:05'),
(534, '2020-02-07', 167, 310, '', '', NULL, 1, 30, '2021-01-14 20:48:05', '2021-01-14 20:48:05'),
(535, '2020-02-07', 182, 311, '', '', NULL, 1, 50, '2021-01-14 20:48:05', '2021-01-14 20:48:05'),
(536, '2020-02-07', 183, 311, '', '', NULL, 1, 50, '2021-01-14 20:48:05', '2021-01-14 20:48:05'),
(537, '2020-02-07', 184, 311, '', '', NULL, 1, 50, '2021-01-14 20:48:05', '2021-01-14 20:48:05'),
(538, '2020-02-07', 185, 312, '', '', NULL, 1, 60, '2021-01-14 20:48:05', '2021-01-14 20:48:05'),
(539, '2020-02-07', 12, 207, '', '', NULL, 1, 30, '2021-01-14 20:48:05', '2021-01-14 20:48:05'),
(540, '2020-02-07', 186, 207, '', '', NULL, 1, 30, '2021-01-14 20:48:05', '2021-01-14 20:48:05'),
(541, '2020-02-07', 15, 314, '', '', NULL, 1, 30, '2021-01-14 20:48:05', '2021-01-14 20:48:05'),
(542, '2020-02-07', 17, 315, '', '', 'Tio Wibowo', 1, 30, '2021-01-14 20:48:05', '2021-01-14 20:48:05'),
(543, '2020-02-07', 187, 315, '', '', 'Tio Wibowo', 1, 30, '2021-01-14 20:48:05', '2021-01-14 20:48:05'),
(544, '2020-02-07', 115, 26, '', '', NULL, 1, 50, '2021-01-14 20:48:05', '2021-01-14 20:48:05'),
(545, '2020-02-07', 188, 41, '', '', NULL, 1, 30, '2021-01-14 20:48:05', '2021-01-14 20:48:05'),
(546, '2020-02-07', 15, 317, '', '', NULL, 1, 30, '2021-01-14 20:48:05', '2021-01-14 20:48:05'),
(547, '2020-02-07', 176, 317, '', '', NULL, 1, 30, '2021-01-14 20:48:05', '2021-01-14 20:48:05'),
(548, '2020-02-07', 28, 318, '', '', NULL, 1, 30, '2021-01-14 20:48:05', '2021-01-14 20:48:05'),
(549, '2020-02-07', 66, 318, '', '', NULL, 1, 30, '2021-01-14 20:48:05', '2021-01-14 20:48:05'),
(550, '2020-02-07', 17, 319, '', '', NULL, 1, 30, '2021-01-14 20:48:05', '2021-01-14 20:48:05'),
(551, '2020-02-07', 101, 320, '', '', NULL, 1, 30, '2021-01-14 20:48:05', '2021-01-14 20:48:05'),
(552, '2020-02-07', 12, 320, '', '', NULL, 1, 30, '2021-01-14 20:48:05', '2021-01-14 20:48:05'),
(553, '2020-02-07', 12, 151, '', '', NULL, 1, 30, '2021-01-14 20:48:05', '2021-01-14 20:48:05'),
(554, '2020-02-07', 59, 321, '', '', NULL, 1, 30, '2021-01-14 20:48:05', '2021-01-14 20:48:05'),
(555, '2020-02-07', 189, 321, '', '', NULL, 1, 30, '2021-01-14 20:48:05', '2021-01-14 20:48:05'),
(556, '2020-02-07', 12, 322, '', '', NULL, 1, 30, '2021-01-14 20:48:05', '2021-01-14 20:48:05'),
(557, '2020-02-07', 133, 322, '', '', NULL, 1, 30, '2021-01-14 20:48:05', '2021-01-14 20:48:05'),
(558, '2020-02-07', 12, 3, '', '', NULL, 1, 30, '2021-01-14 20:48:05', '2021-01-14 20:48:05'),
(559, '2020-02-07', 25, 324, '', '', NULL, 1, 30, '2021-01-14 20:48:05', '2021-01-14 20:48:05'),
(560, '2020-02-07', 152, 324, '', '', NULL, 1, 30, '2021-01-14 20:48:05', '2021-01-14 20:48:05'),
(561, '2020-02-07', 94, 325, '', '', NULL, 1, 30, '2021-01-14 20:48:05', '2021-01-14 20:48:05'),
(562, '2020-02-07', 190, 325, '', '', NULL, 1, 30, '2021-01-14 20:48:05', '2021-01-14 20:48:05'),
(563, '2020-02-07', 28, 326, '', '', NULL, 1, 40, '2021-01-14 20:48:05', '2021-01-14 20:48:05'),
(564, '2020-02-07', 191, 327, '', '', NULL, 1, 30, '2021-01-14 20:48:05', '2021-01-14 20:48:05'),
(565, '2020-02-07', 17, 327, '', '', NULL, 1, 30, '2021-01-14 20:48:05', '2021-01-14 20:48:05'),
(566, '2020-02-07', 94, 328, '', '', NULL, 1, 30, '2021-01-14 20:48:05', '2021-01-14 20:48:05'),
(567, '2020-02-07', 180, 328, '', '', NULL, 1, 30, '2021-01-14 20:48:05', '2021-01-14 20:48:05'),
(568, '2020-02-07', 12, 329, '', '', NULL, 1, 20, '2021-01-14 20:48:05', '2021-01-14 20:48:05'),
(569, '2020-02-07', 28, 329, '', '', NULL, 1, 20, '2021-01-14 20:48:05', '2021-01-14 20:48:05'),
(570, '2020-02-07', 19, 330, '', '', NULL, 1, 30, '2021-01-14 20:48:05', '2021-01-14 20:48:05'),
(571, '2020-02-07', 15, 330, '', '', NULL, 1, 30, '2021-01-14 20:48:05', '2021-01-14 20:48:05'),
(572, '2020-02-07', 12, 266, '', '', NULL, 1, 30, '2021-01-14 20:48:05', '2021-01-14 20:48:05'),
(573, '2020-02-07', 157, 266, '', '', NULL, 1, 30, '2021-01-14 20:48:05', '2021-01-14 20:48:05'),
(574, '2020-02-07', 152, 331, '', '', NULL, 1, 30, '2021-01-14 20:48:05', '2021-01-14 20:48:05'),
(575, '2020-02-07', 25, 331, '', '', NULL, 1, 30, '2021-01-14 20:48:05', '2021-01-14 20:48:05'),
(576, '2020-02-07', 192, 332, '', '', NULL, 1, 100, '2021-01-14 20:48:05', '2021-01-14 20:48:05'),
(577, '2020-02-07', 12, 84, '', '', NULL, 1, 30, '2021-01-14 20:48:05', '2021-01-14 20:48:05'),
(578, '2020-02-07', 12, 58, '', '', NULL, 1, 30, '2021-01-14 20:48:05', '2021-01-14 20:48:05'),
(579, '2020-02-07', 193, 335, '', '', NULL, 1, 50, '2021-01-14 20:48:05', '2021-01-14 20:48:05'),
(580, '2020-02-05', 194, 336, '', 'BEBASKAN TAHANAN PALESTINA', NULL, 1, 300, '2021-01-14 20:48:05', '2021-01-14 20:48:05'),
(581, '2020-02-05', 25, 337, '', '', NULL, 1, 30, '2021-01-14 20:48:05', '2021-01-14 20:48:05'),
(582, '2020-02-05', 166, 337, '', '', NULL, 1, 30, '2021-01-14 20:48:05', '2021-01-14 20:48:05'),
(583, '2020-02-05', 31, 338, '', '', NULL, 1, 100, '2021-01-14 20:48:05', '2021-01-14 20:48:05'),
(584, '2020-02-05', 17, 338, '', '', NULL, 1, 100, '2021-01-14 20:48:05', '2021-01-14 20:48:05'),
(585, '2020-02-05', 59, 339, '', '', NULL, 1, 30, '2021-01-14 20:48:05', '2021-01-14 20:48:05'),
(586, '2020-02-05', 12, 339, '', '', NULL, 1, 30, '2021-01-14 20:48:05', '2021-01-14 20:48:05'),
(587, '2020-02-05', 15, 340, '', '', NULL, 1, 30, '2021-01-14 20:48:05', '2021-01-14 20:48:05'),
(588, '2020-02-05', 195, 340, '', '', NULL, 1, 30, '2021-01-14 20:48:05', '2021-01-14 20:48:05'),
(589, '2020-02-05', 17, 315, '', '', NULL, 1, 30, '2021-01-14 20:48:05', '2021-01-14 20:48:05'),
(590, '2020-02-05', 187, 315, '', '', NULL, 1, 30, '2021-01-14 20:48:05', '2021-01-14 20:48:05'),
(591, '2020-02-05', 17, 342, '', '', NULL, 1, 30, '2021-01-14 20:48:05', '2021-01-14 20:48:05'),
(592, '2020-02-05', 196, 342, '', '', NULL, 1, 30, '2021-01-14 20:48:05', '2021-01-14 20:48:05'),
(593, '2020-02-05', 167, 343, '', '', NULL, 1, 30, '2021-01-14 20:48:05', '2021-01-14 20:48:05'),
(594, '2020-02-03', 197, 3, 'TERLAKSANA', 'KETENAGAKERJAAN', NULL, 1, 0, '2021-01-14 20:48:05', '2021-01-14 20:48:05'),
(595, '2020-02-03', 1, 266, 'BATAL', 'KARTEL', NULL, 1, 0, '2021-01-14 20:48:05', '2021-01-14 20:48:05'),
(596, '2020-02-01', 198, 97, '', '', NULL, 1, 30, '2021-01-14 20:48:05', '2021-01-14 20:48:05'),
(597, '2020-02-01', 17, 97, '', '', NULL, 1, 30, '2021-01-14 20:48:05', '2021-01-14 20:48:05'),
(598, '2020-02-01', 54, 60, '', '', NULL, 1, 7, '2021-01-14 20:48:05', '2021-01-14 20:48:05'),
(599, '2020-02-01', 177, 193, '', '', NULL, 1, 104, '2021-01-14 20:48:05', '2021-01-14 20:48:05'),
(600, '2020-01-22', 1, 347, 'BATAL', 'KARTEL', NULL, 1, 30, '2021-01-14 20:48:05', '2021-01-14 20:48:05'),
(601, '2020-01-22', 2, 347, 'TERLAKSANA', 'KARTEL', NULL, 1, 30, '2021-01-14 20:48:05', '2021-01-14 20:48:05'),
(602, '2020-01-27', 1, 347, 'TERLAKSANA', 'KARTEL', NULL, 1, 30, '2021-01-14 20:48:05', '2021-01-14 20:48:05'),
(603, '2020-01-27', 2, 347, 'BATAL', 'KARTEL', NULL, 1, 30, '2021-01-14 20:48:05', '2021-01-14 20:48:05'),
(604, '2020-01-31', 1, 297, 'TERLAKSANA', 'KARTEL', NULL, 1, 30, '2021-01-14 20:48:05', '2021-01-14 20:48:05'),
(605, '2020-01-20', 197, 348, 'TERLAKSANA', 'KODE ETIK', NULL, 1, 0, '2021-01-14 20:48:05', '2021-01-14 20:48:05'),
(606, '2020-01-17', 197, 349, 'BATAL', 'LIMBAH', NULL, 1, 0, '2021-01-14 20:48:05', '2021-01-14 20:48:05'),
(607, '2020-01-14', 197, 350, 'TERLAKSANA', 'LIMBAH', NULL, 1, 0, '2021-01-14 20:48:05', '2021-01-14 20:48:05'),
(608, '2019-07-08', 1, 90, 'BATAL', 'KARTEL', NULL, 1, 30, '2021-01-14 20:48:05', '2021-01-14 20:48:05'),
(609, '2019-07-10', 1, 352, 'TERLAKSANA', 'KARTEL', NULL, 1, 30, '2021-01-14 20:48:05', '2021-01-14 20:48:05'),
(610, '2019-07-15', 1, 90, 'BATAL', 'KARTEL', NULL, 0, 0, '2021-01-14 20:48:05', '2021-01-14 20:48:05'),
(611, '2019-07-30', 11, 353, 'BATAL', 'KARTEL', NULL, 1, 30, '2021-01-14 20:48:05', '2021-01-14 20:48:05'),
(612, '2019-07-30', 2, 353, 'BATAL', 'KARTEL', NULL, 1, 30, '2021-01-14 20:48:05', '2021-01-14 20:48:05'),
(613, '2020-07-29', 2, 354, 'BATAL', 'KARTEL', 'Ibnu Kaldun', 1, 30, '2021-01-14 20:48:05', '2021-01-14 20:48:05'),
(614, '2020-07-29', 2, 355, 'TERLAKSANA', 'KARTEL', 'Ibnu Kaldun', 1, 30, '2021-01-14 20:48:05', '2021-01-14 20:48:05'),
(615, '2020-07-28', 2, 100, 'BATAL', 'KARTEL', 'Ibnu Kaldun', 1, 30, '2021-01-14 20:48:05', '2021-01-14 20:48:05'),
(616, '2020-07-24', 2, 357, 'BATAL', 'KARTEL', 'Ibnu Kaldun', 1, 30, '2021-01-14 20:48:05', '2021-01-14 20:48:05'),
(617, '2020-07-23', 2, 358, 'TERLAKSANA', 'KARTEL', NULL, 1, 30, '2021-01-14 20:48:05', '2021-01-14 20:48:05'),
(618, '2020-07-21', 2, 357, 'TERLAKSANA', 'KARTEL', NULL, 1, 65, '2021-01-14 20:48:05', '2021-01-14 20:48:05'),
(619, '2020-07-16', 2, 359, 'BATAL', 'KARTEL', 'Jayabaya 2017', 1, 50, '2021-01-14 20:48:05', '2021-01-14 20:48:05'),
(620, '2020-03-02', 4, 7, '', '', NULL, 1, 10, '2021-01-14 20:48:05', '2021-01-14 20:48:05'),
(621, '2020-03-02', 199, 361, '', '', NULL, 1, 50, '2021-01-14 20:48:05', '2021-01-14 20:48:05'),
(622, '2020-03-02', 12, 361, '', '', NULL, 1, 50, '2021-01-14 20:48:05', '2021-01-14 20:48:05'),
(623, '2020-03-02', 28, 362, '', '', NULL, 1, 100, '2021-01-14 20:48:05', '2021-01-14 20:48:05'),
(624, '2020-03-02', 48, 49, '', '', NULL, 1, 30, '2021-01-14 20:48:05', '2021-01-14 20:48:05'),
(625, '2020-03-02', 28, 49, '', '', NULL, 1, 30, '2021-01-14 20:48:05', '2021-01-14 20:48:05'),
(626, '2020-03-02', 200, 147, '', '', NULL, 1, 15, '2021-01-14 20:48:05', '2021-01-14 20:48:05'),
(627, '2020-03-02', 20, 147, '', '', NULL, 1, 15, '2021-01-14 20:48:05', '2021-01-14 20:48:05'),
(628, '2020-03-02', 42, 365, '', '', NULL, 1, 30, '2021-01-14 20:48:05', '2021-01-14 20:48:05'),
(629, '2020-03-02', 201, 366, '', '', NULL, 1, 50, '2021-01-14 20:48:05', '2021-01-14 20:48:05'),
(630, '2020-03-01', 3, 6, '', '', NULL, 1, 150, '2021-01-14 20:48:05', '2021-01-14 20:48:05'),
(631, '2019-05-07', 1, 367, 'BATAL', 'KARTEL', NULL, 1, 0, '2021-01-14 20:48:05', '2021-01-14 20:48:05'),
(632, '2019-05-20', 11, 368, 'BATAL', 'KARTEL', NULL, 1, 50, '2021-01-14 20:48:05', '2021-01-14 20:48:05'),
(633, '2019-05-20', 2, 368, 'BATAL', 'KARTEL', NULL, 1, 50, '2021-01-14 20:48:05', '2021-01-14 20:48:05'),
(634, '2020-10-26', 202, 369, '', '', NULL, 1, 100, '2021-01-14 20:48:05', '2021-01-14 20:48:05'),
(635, '2019-10-11', 2, 370, 'TERLAKSANA', 'KARTEL', NULL, 0, 0, '2021-01-14 20:48:05', '2021-01-14 20:48:05'),
(636, '2019-10-11', 1, 1, 'TERLAKSANA', 'KARTEL', NULL, 1, 30, '2021-01-14 20:48:05', '2021-01-14 20:48:05'),
(637, '2019-10-30', 2, 371, 'TERLAKSANA', 'LIMBAH', NULL, 1, 0, '2021-01-14 20:48:05', '2021-01-14 20:48:05'),
(638, '2019-10-30', 204, 371, 'TERLAKSANA', 'LIMBAH', NULL, 1, 0, '2021-01-14 20:48:05', '2021-01-14 20:48:05'),
(639, '2019-10-30', 197, 371, 'TERLAKSANA', 'LIMBAH', NULL, 1, 0, '2021-01-14 20:48:05', '2021-01-14 20:48:05'),
(640, '2019-10-02', 205, 371, 'TERLAKSANA', 'LIMBAH', NULL, 1, 0, '2021-01-14 20:48:05', '2021-01-14 20:48:05'),
(641, '2019-10-02', 2, 371, 'TERLAKSANA', 'LIMBAH', NULL, 1, 0, '2021-01-14 20:48:05', '2021-01-14 20:48:05'),
(642, '2019-08-18', 2, 372, 'TERLAKSANA', 'KARTEL', NULL, 0, 0, '2021-01-14 20:48:05', '2021-01-14 20:48:05'),
(643, '2019-09-03', 1, 1, 'BATAL', 'KARTEL', NULL, 0, 0, '2021-01-14 20:48:05', '2021-01-14 20:48:05'),
(644, '2019-09-09', 1, 1, 'BATAL', 'KARTEL', NULL, 1, 50, '2021-01-14 20:48:05', '2021-01-14 20:48:05'),
(645, '2019-09-11', 1, 1, 'BATAL', 'KARTEL', NULL, 1, 30, '2021-01-14 20:48:05', '2021-01-14 20:48:05'),
(646, '2019-09-12', 1, 373, 'BATAL', 'KARTEL', NULL, 0, 0, '2021-01-14 20:48:05', '2021-01-14 20:48:05'),
(647, '2019-09-13', 1, 374, 'TERLAKSANA', 'KARTEL', NULL, 1, 30, '2021-01-14 20:48:05', '2021-01-14 20:48:05'),
(648, '2019-09-13', 11, 374, 'TERLAKSANA', 'KARTEL', NULL, 1, 30, '2021-01-14 20:48:05', '2021-01-14 20:48:05'),
(649, '2019-09-16', 1, 375, 'BATAL', 'KARTEL', NULL, 1, 30, '2021-01-14 20:48:05', '2021-01-14 20:48:05'),
(650, '2019-09-16', 2, 375, 'TERLAKSANA', 'KARTEL', NULL, 1, 30, '2021-01-14 20:48:05', '2021-01-14 20:48:05'),
(651, '2019-09-20', 1, 370, 'BATAL', 'KARTEL', NULL, 1, 30, '2021-01-14 20:48:05', '2021-01-14 20:48:05'),
(652, '2019-09-20', 2, 370, 'TERLAKSANA', 'KARTEL', NULL, 1, 30, '2021-01-14 20:48:05', '2021-01-14 20:48:05'),
(653, '2019-09-30', 1, 370, 'TERLAKSANA', 'KARTEL', NULL, 1, 50, '2021-01-14 20:48:05', '2021-01-14 20:48:05'),
(654, '2019-09-30', 11, 370, 'TERLAKSANA', 'KARTEL', NULL, 1, 50, '2021-01-14 20:48:05', '2021-01-14 20:48:05'),
(655, '2019-09-30', 2, 370, 'BATAL', 'KARTEL', NULL, 1, 50, '2021-01-14 20:48:05', '2021-01-14 20:48:05'),
(656, '2020-09-02', 2, 358, 'BATAL', 'KARTEL', NULL, 1, 0, '2021-01-14 20:48:05', '2021-01-14 20:48:05'),
(657, '2020-09-02', 206, 187, 'BATAL', 'KARTEL', NULL, 1, 30, '2021-01-14 20:48:05', '2021-01-14 20:48:05'),
(658, '2020-08-31', 2, 379, 'BATAL', 'KARTEL', NULL, 0, 0, '2021-01-14 20:48:05', '2021-01-14 20:48:05'),
(659, '2020-09-03', 2, 380, 'BATAL', 'KARTEL', NULL, 1, 30, '2021-01-14 20:48:05', '2021-01-14 20:48:05'),
(660, '2020-09-04', 2, 158, 'BATAL', 'KARTEL', NULL, 1, 0, '2021-01-14 20:48:05', '2021-01-14 20:48:05'),
(661, '2020-09-04', 2, 382, 'BATAL', 'KARTEL', NULL, 1, 0, '2021-01-14 20:48:05', '2021-01-14 20:48:05'),
(662, '2020-09-07', 1, 383, 'TERLAKSANA', 'KARTEL', NULL, 1, 50, '2021-01-14 20:48:05', '2021-01-14 20:48:05'),
(663, '2020-09-07', 1, 383, 'TERLAKSANA', 'KARTEL', NULL, 1, 50, '2021-01-14 20:48:05', '2021-01-14 20:48:05');

-- --------------------------------------------------------

--
-- Table structure for table `failed_jobs`
--

CREATE TABLE `failed_jobs` (
  `id` bigint(20) UNSIGNED NOT NULL,
  `connection` text COLLATE utf8mb4_unicode_ci NOT NULL,
  `queue` text COLLATE utf8mb4_unicode_ci NOT NULL,
  `payload` longtext COLLATE utf8mb4_unicode_ci NOT NULL,
  `exception` longtext COLLATE utf8mb4_unicode_ci NOT NULL,
  `failed_at` timestamp NOT NULL DEFAULT current_timestamp()
) ENGINE=InnoDB DEFAULT CHARSET=utf8mb4 COLLATE=utf8mb4_unicode_ci;

-- --------------------------------------------------------

--
-- Table structure for table `location`
--

CREATE TABLE `location` (
  `id` bigint(20) UNSIGNED NOT NULL,
  `building_name` longtext COLLATE utf8mb4_unicode_ci NOT NULL,
  `id_city` bigint(20) UNSIGNED DEFAULT NULL,
  `address` longtext COLLATE utf8mb4_unicode_ci DEFAULT NULL,
  `branch_astra` text COLLATE utf8mb4_unicode_ci DEFAULT NULL,
  `id_branch` bigint(20) UNSIGNED DEFAULT NULL,
  `created_at` timestamp NULL DEFAULT NULL,
  `updated_at` timestamp NULL DEFAULT NULL
) ENGINE=InnoDB DEFAULT CHARSET=utf8mb4 COLLATE=utf8mb4_unicode_ci;

--
-- Dumping data for table `location`
--

INSERT INTO `location` (`id`, `building_name`, `id_city`, `address`, `branch_astra`, `id_branch`, `created_at`, `updated_at`) VALUES
(1, 'PT ASTRA HONDA MOTOR', NULL, NULL, '1', 1, '2021-01-14 20:48:04', '2021-01-14 20:48:04'),
(2, 'MENARA ASTRA', NULL, NULL, '1', 1, '2021-01-14 20:48:04', '2021-01-14 20:48:04'),
(3, 'PT ALPEN FOOD INDUSTRY', 3275, 'Jl. Selayar II No.10, Telajung, Kec. Cikarang Bar., Bekasi, Jawa Barat 17530', '0', NULL, '2021-01-14 20:48:04', '2021-01-16 06:44:15'),
(4, 'KEDUPS RRT', NULL, NULL, '0', NULL, '2021-01-14 20:48:04', '2021-01-14 20:48:04'),
(5, 'KANTOR DPP PARTAI GOLKAR', NULL, NULL, '0', NULL, '2021-01-14 20:48:04', '2021-01-14 20:48:04'),
(6, 'TAMAN PANDANG', NULL, NULL, '0', NULL, '2021-01-14 20:48:04', '2021-01-14 20:48:04'),
(7, 'KEDUBES RRT', NULL, NULL, '0', NULL, '2021-01-14 20:48:04', '2021-01-14 20:48:04'),
(8, 'PT SUMBER KREASI CIPTA LOGAM', NULL, NULL, '0', NULL, '2021-01-14 20:48:04', '2021-01-14 20:48:04'),
(9, 'GD. DPR/MPR RI', NULL, NULL, '0', NULL, '2021-01-14 20:48:04', '2021-01-14 20:48:04'),
(10, 'KEMENTERIAN BUMN', NULL, NULL, '0', NULL, '2021-01-14 20:48:04', '2021-01-14 20:48:04'),
(11, 'AMDI', NULL, NULL, '1', 2, '2021-01-14 20:48:04', '2021-01-14 20:48:04'),
(12, 'KANTOR KPK RI', NULL, NULL, '0', NULL, '2021-01-14 20:48:04', '2021-01-14 20:48:04'),
(13, 'KANTOR PEMERINTAH KOTA BEKASI', NULL, NULL, '0', NULL, '2021-01-14 20:48:04', '2021-01-14 20:48:04'),
(14, 'KANTOR KEMENTERIAN LINGKUNGAN HIDUP DAN KEHUTANAN', NULL, NULL, '0', NULL, '2021-01-14 20:48:04', '2021-01-14 20:48:04'),
(15, 'KANTOR KEMENTERIAN BUMN', NULL, NULL, '0', NULL, '2021-01-14 20:48:04', '2021-01-14 20:48:04'),
(16, 'KANTOR PUSAT OVO', NULL, NULL, '0', NULL, '2021-01-14 20:48:04', '2021-01-14 20:48:04'),
(17, 'BALAIKOTA DKI JAKARTA', NULL, NULL, '0', NULL, '2021-01-14 20:48:04', '2021-01-14 20:48:04'),
(18, 'KANTOR DINAS PENDIDIKAN DKI JAKARTA', NULL, NULL, '0', NULL, '2021-01-14 20:48:04', '2021-01-14 20:48:04'),
(19, 'PT ASDP INDONESIA FERRY', NULL, NULL, '0', NULL, '2021-01-14 20:48:04', '2021-01-14 20:48:04'),
(20, 'KANTOR KEMENTERIAN PUPR', NULL, NULL, '0', NULL, '2021-01-14 20:48:04', '2021-01-14 20:48:04'),
(21, 'KANTOR DPP PDIP', NULL, NULL, '0', NULL, '2021-01-14 20:48:04', '2021-01-14 20:48:04'),
(22, 'KANTOR PT NISP', NULL, NULL, '0', NULL, '2021-01-14 20:48:04', '2021-01-14 20:48:04'),
(23, 'PUSAT BANK MANDIRI', NULL, NULL, '0', NULL, '2021-01-14 20:48:04', '2021-01-14 20:48:04'),
(24, 'PT PARNA AGROMAS', NULL, NULL, '0', NULL, '2021-01-14 20:48:04', '2021-01-14 20:48:04'),
(25, 'ISTANA NEGARA', NULL, NULL, '0', NULL, '2021-01-14 20:48:04', '2021-01-14 20:48:04'),
(26, 'PT COMBIPHAR OFFICE 8 BUILDING SCBD', NULL, NULL, '0', NULL, '2021-01-14 20:48:04', '2021-01-14 20:48:04'),
(27, 'KEJAKSAAN AGUNG RI', NULL, NULL, '0', NULL, '2021-01-14 20:48:04', '2021-01-14 20:48:04'),
(28, 'GD. BAHARKAM POLRI', NULL, NULL, '0', NULL, '2021-01-14 20:48:04', '2021-01-14 20:48:04'),
(29, 'KANTOR KOMISI APARATUR SIPIL NEGARA', NULL, NULL, '0', NULL, '2021-01-14 20:48:04', '2021-01-14 20:48:04'),
(30, 'KANTOR KEMENTERIAN PERDAGANGAN RI', NULL, NULL, '0', NULL, '2021-01-14 20:48:04', '2021-01-14 20:48:04'),
(31, 'SILANG MONAS BARAT DAYA', NULL, NULL, '0', NULL, '2021-01-14 20:48:04', '2021-01-14 20:48:04'),
(32, 'GD. DPRD KOTA TANGERANG', NULL, NULL, '0', NULL, '2021-01-14 20:48:04', '2021-01-14 20:48:04'),
(33, 'KANTOR PUSAT AICE', NULL, NULL, '0', NULL, '2021-01-14 20:48:04', '2021-01-14 20:48:04'),
(34, 'KANTOR KEMENTERIAN KETENAGAKERJAAN', NULL, NULL, '0', NULL, '2021-01-14 20:48:04', '2021-01-14 20:48:04'),
(35, 'PT PANN MULTIFINANCE', NULL, NULL, '0', NULL, '2021-01-14 20:48:04', '2021-01-14 20:48:04'),
(36, 'KANTOR BPJS KESEHATAN', NULL, NULL, '0', NULL, '2021-01-14 20:48:04', '2021-01-14 20:48:04'),
(37, 'PT JASA MARGA', NULL, NULL, '0', NULL, '2021-01-14 20:48:04', '2021-01-14 20:48:04'),
(38, 'KANTOR KEJAKSAAN NEGERI TANGERANG', NULL, NULL, '0', NULL, '2021-01-14 20:48:04', '2021-01-14 20:48:04'),
(39, 'KANTOR SATPOL PP KOTA TANGERANG', NULL, NULL, '0', NULL, '2021-01-14 20:48:04', '2021-01-14 20:48:04'),
(40, 'PUSPEM KOTA TANGERANG/DPRD KOTA TANGERANG', NULL, NULL, '0', NULL, '2021-01-14 20:48:04', '2021-01-14 20:48:04'),
(41, 'PUSAT BANK BRI', NULL, NULL, '0', NULL, '2021-01-14 20:48:04', '2021-01-14 20:48:04'),
(42, 'PUSAT BANK BUKOPIN', NULL, NULL, '0', NULL, '2021-01-14 20:48:04', '2021-01-14 20:48:04'),
(43, 'KANTOR DINAS PARIWISATA DAN KEBUDAYAAN', NULL, NULL, '0', NULL, '2021-01-14 20:48:04', '2021-01-14 20:48:04'),
(44, 'PT POOL ADVISTA SEKURITAS', NULL, NULL, '0', NULL, '2021-01-14 20:48:04', '2021-01-14 20:48:04'),
(45, 'KANTOR KOMISI PENYIARAN INDONESIA', NULL, NULL, '0', NULL, '2021-01-14 20:48:04', '2021-01-14 20:48:04'),
(46, 'KANTOR ANTV RASUNA EPICENTRUM', NULL, NULL, '0', NULL, '2021-01-14 20:48:04', '2021-01-14 20:48:04'),
(47, 'KANTOR PPATK', NULL, NULL, '0', NULL, '2021-01-14 20:48:04', '2021-01-14 20:48:04'),
(48, 'PUSAT BANK BNI', NULL, NULL, '0', NULL, '2021-01-14 20:48:04', '2021-01-14 20:48:04'),
(49, 'KANTOR AGUNG PODOMORO LAND', NULL, NULL, '0', NULL, '2021-01-14 20:48:04', '2021-01-14 20:48:04'),
(50, 'PT WASKITA KARYA REALITY', NULL, NULL, '0', NULL, '2021-01-14 20:48:04', '2021-01-14 20:48:04'),
(51, 'PT WASKITA KARYA', NULL, NULL, '0', NULL, '2021-01-14 20:48:04', '2021-01-14 20:48:04'),
(52, 'PROYEK PEMBANGUNAN JAKARTA INTERNATIONAL STADIUM', NULL, NULL, '0', NULL, '2021-01-14 20:48:04', '2021-01-14 20:48:04'),
(53, 'PT TIMAH', NULL, NULL, '0', NULL, '2021-01-14 20:48:04', '2021-01-14 20:48:04'),
(54, 'KANTOR KEDUBES RRT', NULL, NULL, '0', NULL, '2021-01-14 20:48:04', '2021-01-14 20:48:04'),
(55, 'PT TELKOM', NULL, NULL, '0', NULL, '2021-01-14 20:48:04', '2021-01-14 20:48:04'),
(56, 'PT YAMAHA INDONESIA MOTOR MANUFACTURING', NULL, NULL, '0', NULL, '2021-01-14 20:48:04', '2021-01-14 20:48:04'),
(57, 'PUSAT BANK DKI', NULL, NULL, '0', NULL, '2021-01-14 20:48:04', '2021-01-14 20:48:04'),
(58, 'PINTU GERBANG BARAT TAMAN IMPIAN JAYA ANCOL', NULL, NULL, '0', NULL, '2021-01-14 20:48:04', '2021-01-14 20:48:04'),
(59, 'KANTOR KEMENTERIAN ESDM', NULL, NULL, '0', NULL, '2021-01-14 20:48:04', '2021-01-14 20:48:04'),
(60, 'GD. BAHARKAM MABES POLRI', NULL, NULL, '0', NULL, '2021-01-14 20:48:04', '2021-01-14 20:48:04'),
(61, 'PUSAT PT TELKOM', NULL, NULL, '0', NULL, '2021-01-14 20:48:04', '2021-01-14 20:48:04'),
(62, 'PUSAT PT YAMAHA INDONESIA MOTOR MANUFACTURING', NULL, NULL, '0', NULL, '2021-01-14 20:48:04', '2021-01-14 20:48:04'),
(63, 'PT PAMA AGROMAS', NULL, NULL, '0', NULL, '2021-01-14 20:48:04', '2021-01-14 20:48:04'),
(64, 'KANTOR KEMENTERIAN PERTANIAN', NULL, NULL, '0', NULL, '2021-01-14 20:48:04', '2021-01-14 20:48:04'),
(65, 'KANTOR DPP PARTAI BERKARYA', NULL, NULL, '0', NULL, '2021-01-14 20:48:04', '2021-01-14 20:48:04'),
(66, 'KANTOR KEMENTERIAN PERDAGANGAN', NULL, NULL, '0', NULL, '2021-01-14 20:48:04', '2021-01-14 20:48:04'),
(67, 'HOTEL CLASSIC', NULL, NULL, '0', NULL, '2021-01-14 20:48:04', '2021-01-14 20:48:04'),
(68, 'KANTOR BNI 46', NULL, NULL, '0', NULL, '2021-01-14 20:48:04', '2021-01-14 20:48:04'),
(69, 'PROYEK JAKARTA INTERNATIONAL STADIUM KEL. PAPANGGO TANJUNG PRIOK JAKARTA UTARA', NULL, NULL, '0', NULL, '2021-01-14 20:48:04', '2021-01-14 20:48:04'),
(70, 'PT PRIMA INDAH LESTARI POWER CABLE', NULL, NULL, '0', NULL, '2021-01-14 20:48:04', '2021-01-14 20:48:04'),
(71, 'KANTOR KEMENTERIAN KOMINFO', NULL, NULL, '0', NULL, '2021-01-14 20:48:04', '2021-01-14 20:48:04'),
(72, 'KANTOR KEMENTERIAN LINGKUNGAN HIDUP', NULL, NULL, '0', NULL, '2021-01-14 20:48:04', '2021-01-14 20:48:04'),
(73, 'KANTOR KEMENTERIAN KELAUTAN DAN PERIKANAN', NULL, NULL, '0', NULL, '2021-01-14 20:48:04', '2021-01-14 20:48:04'),
(74, 'PUSAT BANK BNI SYARIAH', NULL, NULL, '0', NULL, '2021-01-14 20:48:04', '2021-01-14 20:48:04'),
(75, 'EXSEKUTIF KARAOKE PALACE', NULL, NULL, '0', NULL, '2021-01-14 20:48:04', '2021-01-14 20:48:04'),
(76, 'KANTOR KEMENKUMHAM', NULL, NULL, '0', NULL, '2021-01-14 20:48:04', '2021-01-14 20:48:04'),
(77, 'PT YAMAHA INDONESIA MOTOR MANUFACTURING (YIMM)', NULL, NULL, '0', NULL, '2021-01-14 20:48:04', '2021-01-14 20:48:04'),
(78, 'KANTOR KEJAKSAAN AGUNG RI', NULL, NULL, '0', NULL, '2021-01-14 20:48:04', '2021-01-14 20:48:04'),
(79, 'APARTMENT BASSURA CITY', NULL, NULL, '0', NULL, '2021-01-14 20:48:04', '2021-01-14 20:48:04'),
(80, 'SILANG MONAS BARAT DARAT', NULL, NULL, '0', NULL, '2021-01-14 20:48:04', '2021-01-14 20:48:04'),
(81, 'PT PERUSAHAAN GAS NEGARA', NULL, NULL, '0', NULL, '2021-01-14 20:48:04', '2021-01-14 20:48:04'),
(82, 'PT TRI USAHA BARU', NULL, NULL, '0', NULL, '2021-01-14 20:48:04', '2021-01-14 20:48:04'),
(83, 'PT GERAK MITRA TANGGUH', NULL, NULL, '0', NULL, '2021-01-14 20:48:04', '2021-01-14 20:48:04'),
(84, 'PT WISMA NUSANTARA INTERNASIONAL/HOTEL PULLMAN', NULL, NULL, '0', NULL, '2021-01-14 20:48:04', '2021-01-14 20:48:04'),
(85, 'KANTOR KEMENTERIAN KEUANGAN', NULL, NULL, '0', NULL, '2021-01-14 20:48:04', '2021-01-14 20:48:04'),
(86, 'KANTOR KEMENKOPULHAM', NULL, NULL, '0', NULL, '2021-01-14 20:48:04', '2021-01-14 20:48:04'),
(87, 'GD. MAHKAMAH AGUNG', NULL, NULL, '0', NULL, '2021-01-14 20:48:04', '2021-01-14 20:48:04'),
(88, 'GD. GRAHA BNI', NULL, NULL, '0', NULL, '2021-01-14 20:48:04', '2021-01-14 20:48:04'),
(89, 'MENARA BANK BNI', NULL, NULL, '0', NULL, '2021-01-14 20:48:04', '2021-01-14 20:48:04'),
(90, 'KANTOR KPPU RI', NULL, NULL, '0', NULL, '2021-01-14 20:48:04', '2021-01-14 20:48:04'),
(91, 'PT IWIP', NULL, NULL, '0', NULL, '2021-01-14 20:48:04', '2021-01-14 20:48:04'),
(92, 'PUSAT PT BANK BUKOPIN TBK', NULL, NULL, '0', NULL, '2021-01-14 20:48:04', '2021-01-14 20:48:04'),
(93, 'KANTOR DPP PAN', NULL, NULL, '0', NULL, '2021-01-14 20:48:04', '2021-01-14 20:48:04'),
(94, 'MAPOLDA METRO JAYA', NULL, NULL, '0', NULL, '2021-01-14 20:48:04', '2021-01-14 20:48:04'),
(95, 'VENUE LOUNGE & BAR', NULL, NULL, '0', NULL, '2021-01-14 20:48:04', '2021-01-14 20:48:04'),
(96, 'KANTOR KEJAKSAAN NEGERI KAB. BEKASI', NULL, NULL, '0', NULL, '2021-01-14 20:48:04', '2021-01-14 20:48:04'),
(97, 'PT KMK PLASTICS INDONESIA', NULL, NULL, '0', NULL, '2021-01-14 20:48:04', '2021-01-14 20:48:04'),
(98, 'KANTOR KEMENTERIAN DALAM NEGERI', NULL, NULL, '0', NULL, '2021-01-14 20:48:04', '2021-01-14 20:48:04'),
(99, 'KANTOR KEMENKOMINFO', NULL, NULL, '0', NULL, '2021-01-14 20:48:04', '2021-01-14 20:48:04'),
(100, 'KANTOR BRI AGRO', NULL, NULL, '0', NULL, '2021-01-14 20:48:04', '2021-01-14 20:48:04'),
(101, 'KANTOR OJK RI', NULL, NULL, '0', NULL, '2021-01-14 20:48:04', '2021-01-14 20:48:04'),
(102, 'PUSAT PT LORENA', NULL, NULL, '0', NULL, '2021-01-14 20:48:04', '2021-01-14 20:48:04'),
(103, 'PT J RESURCES ASIA PASIFIC', NULL, NULL, '0', NULL, '2021-01-14 20:48:04', '2021-01-14 20:48:04'),
(104, 'KANTOR BPK RI', NULL, NULL, '0', NULL, '2021-01-14 20:48:04', '2021-01-14 20:48:04'),
(105, 'KANTOR PUSAT PERTAMINA', NULL, NULL, '0', NULL, '2021-01-14 20:48:04', '2021-01-14 20:48:04'),
(106, 'KANTOR DPRD KOTA BEKASI', NULL, NULL, '0', NULL, '2021-01-14 20:48:04', '2021-01-14 20:48:04'),
(107, 'PT MRT JAKARTA', NULL, NULL, '0', NULL, '2021-01-14 20:48:04', '2021-01-14 20:48:04'),
(108, 'PT YAMAHA INDONESIA MOTOR', NULL, NULL, '0', NULL, '2021-01-14 20:48:04', '2021-01-14 20:48:04'),
(109, 'KANTOR KPPU', NULL, NULL, '0', NULL, '2021-01-14 20:48:04', '2021-01-14 20:48:04'),
(110, 'PEACH BLOSSOM ROXY', NULL, NULL, '0', NULL, '2021-01-14 20:48:04', '2021-01-14 20:48:04'),
(111, 'PEMDA KABUPATEN BEKASI', NULL, NULL, '0', NULL, '2021-01-14 20:48:04', '2021-01-14 20:48:04'),
(112, 'KANTOR PENGADILAN NEGERI', NULL, NULL, '0', NULL, '2021-01-14 20:48:04', '2021-01-14 20:48:04'),
(113, 'KANTOR KEMENDIKBUD', NULL, NULL, '0', NULL, '2021-01-14 20:48:04', '2021-01-14 20:48:04'),
(114, 'KANTOR INDOSIAR', NULL, NULL, '0', NULL, '2021-01-14 20:48:04', '2021-01-14 20:48:04'),
(115, 'KANTOR KEJAKSAAN AGUNG', NULL, NULL, '0', NULL, '2021-01-14 20:48:04', '2021-01-14 20:48:04'),
(116, 'PT SAKA ENERGI INDONESIA', NULL, NULL, '0', NULL, '2021-01-14 20:48:04', '2021-01-14 20:48:04'),
(117, 'PT SEMEN INDONESIA', NULL, NULL, '0', NULL, '2021-01-14 20:48:04', '2021-01-14 20:48:04'),
(118, 'KEJAKSAAN AGUNG', NULL, NULL, '0', NULL, '2021-01-14 20:48:04', '2021-01-14 20:48:04'),
(119, 'PT ALLOY MAS INDONESIA', NULL, NULL, '0', NULL, '2021-01-14 20:48:04', '2021-01-14 20:48:04'),
(120, 'KANTOR DIRJEN PERDAGANGAN DALAM NEGERI KEMENTERIAN PERDAGANGAN', NULL, NULL, '0', NULL, '2021-01-14 20:48:04', '2021-01-14 20:48:04'),
(121, 'KANTOR PUSAT BANK BNI', NULL, NULL, '0', NULL, '2021-01-14 20:48:04', '2021-01-14 20:48:04'),
(122, 'PT SURVEYOR INDONESIA', NULL, NULL, '0', NULL, '2021-01-14 20:48:04', '2021-01-14 20:48:04'),
(123, 'PUSAT PT PGN', NULL, NULL, '0', NULL, '2021-01-14 20:48:04', '2021-01-14 20:48:04'),
(124, 'AGUNG PODOMORO LAND TOWER', NULL, NULL, '0', NULL, '2021-01-14 20:48:04', '2021-01-14 20:48:04'),
(125, 'PT COCA COLA BOTLING INDONESIA', NULL, NULL, '0', NULL, '2021-01-14 20:48:04', '2021-01-14 20:48:04'),
(126, 'PT KARET MAS', NULL, NULL, '0', NULL, '2021-01-14 20:48:04', '2021-01-14 20:48:04'),
(127, 'KANTOR SUKU DINAS TENAGA KERJA DAN TRANSMIGRASI JAKBAR', NULL, NULL, '0', NULL, '2021-01-14 20:48:04', '2021-01-14 20:48:04'),
(128, 'KANTOR KEDUBES AS', NULL, NULL, '0', NULL, '2021-01-14 20:48:04', '2021-01-14 20:48:04'),
(129, 'KANTOR KEMENKOPOLHUKAM', NULL, NULL, '0', NULL, '2021-01-14 20:48:04', '2021-01-14 20:48:04'),
(130, 'KANTOR KEMENTERIAN KOMUNIKASI DAN INFORMASI', NULL, NULL, '0', NULL, '2021-01-14 20:48:04', '2021-01-14 20:48:04'),
(131, 'HOTEL EMPORIUM', NULL, NULL, '0', NULL, '2021-01-14 20:48:04', '2021-01-14 20:48:04'),
(132, 'KANTOR CABANG BNI TANJUNG PRIOK', NULL, NULL, '0', NULL, '2021-01-14 20:48:04', '2021-01-14 20:48:04'),
(133, 'KANTOR DPP PARTAI HANURA', NULL, NULL, '0', NULL, '2021-01-14 20:48:04', '2021-01-14 20:48:04'),
(134, 'KANTOR PUSAT LIPPO', NULL, NULL, '0', NULL, '2021-01-14 20:48:04', '2021-01-14 20:48:04'),
(135, 'PT SURYA ESA PERKASA', NULL, NULL, '0', NULL, '2021-01-14 20:48:04', '2021-01-14 20:48:04'),
(136, 'PT SHELL INDONESIA', NULL, NULL, '0', NULL, '2021-01-14 20:48:04', '2021-01-14 20:48:04'),
(137, 'APARTMENT GADING NIAS RESIDENCE', NULL, NULL, '0', NULL, '2021-01-14 20:48:04', '2021-01-14 20:48:04'),
(138, 'DISKOTIK PUJASERA', NULL, NULL, '0', NULL, '2021-01-14 20:48:04', '2021-01-14 20:48:04'),
(139, 'MAPOLRES JAKARTA BARAT', NULL, NULL, '0', NULL, '2021-01-14 20:48:04', '2021-01-14 20:48:04'),
(140, 'KANTOR PUSAT PT PELNI', NULL, NULL, '0', NULL, '2021-01-14 20:48:04', '2021-01-14 20:48:04'),
(141, 'KANTOR BANK BNI SYARIAH', NULL, NULL, '0', NULL, '2021-01-14 20:48:04', '2021-01-14 20:48:04'),
(142, 'KANTOR WALIKOTA DEPOK', NULL, NULL, '0', NULL, '2021-01-14 20:48:04', '2021-01-14 20:48:04'),
(143, 'MALL DEPOK TOWN CENTER', NULL, NULL, '0', NULL, '2021-01-14 20:48:04', '2021-01-14 20:48:04'),
(144, 'KANTOR DINAS SUMBER DAYA AIR DKI JAKARTA', NULL, NULL, '0', NULL, '2021-01-14 20:48:04', '2021-01-14 20:48:04'),
(145, 'GEDUNG BPKP RI', NULL, NULL, '0', NULL, '2021-01-14 20:48:04', '2021-01-14 20:48:04'),
(146, 'KEMENTERIAN ESDM', NULL, NULL, '0', NULL, '2021-01-14 20:48:04', '2021-01-14 20:48:04'),
(147, 'PT TANITO HARUM', NULL, NULL, '0', NULL, '2021-01-14 20:48:04', '2021-01-14 20:48:04'),
(148, 'PUSAT BANK KEB HANA', NULL, NULL, '0', NULL, '2021-01-14 20:48:04', '2021-01-14 20:48:04'),
(149, 'PUSAT BANK VICTORIA', NULL, NULL, '0', NULL, '2021-01-14 20:48:04', '2021-01-14 20:48:04'),
(150, 'MAPOLRES PELABUHAN TANJUNG PRIOK', NULL, NULL, '0', NULL, '2021-01-14 20:48:04', '2021-01-14 20:48:04'),
(151, 'KANTOR KEMENTERIAN PERHUBUNGAN', NULL, NULL, '0', NULL, '2021-01-14 20:48:04', '2021-01-14 20:48:04'),
(152, 'KANTOR BIN RI', NULL, NULL, '0', NULL, '2021-01-14 20:48:04', '2021-01-14 20:48:04'),
(153, 'KANTOR DINAS BINA MARGA DKI JAKARTA', NULL, NULL, '0', NULL, '2021-01-14 20:48:04', '2021-01-14 20:48:04'),
(154, 'KANTOR DIRJEN PEDAGANGAN DALAM NEGERI KEMENTERIAN PERDAGANGAN', NULL, NULL, '0', NULL, '2021-01-14 20:48:04', '2021-01-14 20:48:04'),
(155, 'KANTOR KEMENTERIAN KELAUTAN & PERIKANAN', NULL, NULL, '0', NULL, '2021-01-14 20:48:04', '2021-01-14 20:48:04'),
(156, 'GRAHA SURVEYOR INDONESIA', NULL, NULL, '0', NULL, '2021-01-14 20:48:04', '2021-01-14 20:48:04'),
(157, 'KANTOR KEJAGUNG RI', NULL, NULL, '0', NULL, '2021-01-14 20:48:04', '2021-01-14 20:48:04'),
(158, 'PT SAKA ENERGI', NULL, NULL, '0', NULL, '2021-01-14 20:48:04', '2021-01-14 20:48:04'),
(159, 'PT RAJAWALI NUSANTARA INDONESIA', NULL, NULL, '0', NULL, '2021-01-14 20:48:04', '2021-01-14 20:48:04'),
(160, 'KANTOR PELAKSANA OFFICE JAYA KONSTRUKSI ADHI KARYA KSO', NULL, NULL, '0', NULL, '2021-01-14 20:48:04', '2021-01-14 20:48:04'),
(161, 'PT CATUR SENTOSA ADIPRANA', NULL, NULL, '0', NULL, '2021-01-14 20:48:04', '2021-01-14 20:48:04'),
(162, 'TAMAN PANDANG ISTANA NEGARA', NULL, NULL, '0', NULL, '2021-01-14 20:48:04', '2021-01-14 20:48:04'),
(163, 'KANTOR PUSAT BANK MANDIRI', NULL, NULL, '0', NULL, '2021-01-14 20:48:04', '2021-01-14 20:48:04'),
(164, 'KANTOR DPRD DKI JAKARTA', NULL, NULL, '0', NULL, '2021-01-14 20:48:04', '2021-01-14 20:48:04'),
(165, 'MASSAGE KIMOCHI SPA', NULL, NULL, '0', NULL, '2021-01-14 20:48:04', '2021-01-14 20:48:04'),
(166, 'KANTOR OMBUDSMAN RI', NULL, NULL, '0', NULL, '2021-01-14 20:48:04', '2021-01-14 20:48:04'),
(167, 'KANTOR PUSAT BANK DKI', NULL, NULL, '0', NULL, '2021-01-14 20:48:04', '2021-01-14 20:48:04'),
(168, 'GD. MAHKAMAH KONSTITUSI RI', NULL, NULL, '0', NULL, '2021-01-14 20:48:04', '2021-01-14 20:48:04'),
(169, 'POS 9 TANJUNG PRIOK', NULL, NULL, '0', NULL, '2021-01-14 20:48:04', '2021-01-14 20:48:04'),
(170, 'KANTOR KEMENTERIAN PDTT', NULL, NULL, '0', NULL, '2021-01-14 20:48:04', '2021-01-14 20:48:04'),
(171, 'KANTOR KEMENTERIAN PENDIDIKAN DAN KEBUDAYAAN', NULL, NULL, '0', NULL, '2021-01-14 20:48:04', '2021-01-14 20:48:04'),
(172, 'GOLDEN CROWN', NULL, NULL, '0', NULL, '2021-01-14 20:48:04', '2021-01-14 20:48:04'),
(173, 'KANTOR BNNP DKI JAKARTA', NULL, NULL, '0', NULL, '2021-01-14 20:48:04', '2021-01-14 20:48:04'),
(174, 'PUSAT BANK BTN', NULL, NULL, '0', NULL, '2021-01-14 20:48:04', '2021-01-14 20:48:04'),
(175, 'PT ASABRI', NULL, NULL, '0', NULL, '2021-01-14 20:48:04', '2021-01-14 20:48:04'),
(176, 'PT SUCOFINDO', NULL, NULL, '0', NULL, '2021-01-14 20:48:04', '2021-01-14 20:48:04'),
(177, 'KANTOR PT. KARET MAS', NULL, NULL, '0', NULL, '2021-01-14 20:48:04', '2021-01-14 20:48:04'),
(178, 'PT TENMA INDONESIA', NULL, NULL, '0', NULL, '2021-01-14 20:48:04', '2021-01-14 20:48:04'),
(179, 'PT PEMBANGUNAN PERUMAHAAN PLAZA PP', NULL, NULL, '0', NULL, '2021-01-14 20:48:04', '2021-01-14 20:48:04'),
(180, 'APARTMENT KALIBATA CITY', NULL, NULL, '0', NULL, '2021-01-14 20:48:04', '2021-01-14 20:48:04'),
(181, 'MAPOLRES METRO JAKARTA TIMUR', NULL, NULL, '0', NULL, '2021-01-14 20:48:04', '2021-01-14 20:48:04'),
(182, 'PUSPEM KOTA TANGERANG', NULL, NULL, '0', NULL, '2021-01-14 20:48:04', '2021-01-14 20:48:04'),
(183, 'KANTOR KEJAKSAAN NEGERI TANGERANG KOTA TANGERANG', NULL, NULL, '0', NULL, '2021-01-14 20:48:04', '2021-01-14 20:48:04'),
(184, 'KAWASAN AYODHIA JL. MH. THAMRIN CIKOKOL KOTA TNG', NULL, NULL, '0', NULL, '2021-01-14 20:48:04', '2021-01-14 20:48:04'),
(185, 'KAMPUS MPU TANTULAR', NULL, NULL, '0', NULL, '2021-01-14 20:48:04', '2021-01-14 20:48:04'),
(186, 'KANTOR PUSAT BANK BTN', NULL, NULL, '0', NULL, '2021-01-14 20:48:04', '2021-01-14 20:48:04'),
(187, 'LUXES SPA', NULL, NULL, '0', NULL, '2021-01-14 20:48:04', '2021-01-14 20:48:04'),
(188, 'PT NUSA WANA RAYA', NULL, NULL, '0', NULL, '2021-01-14 20:48:04', '2021-01-14 20:48:04'),
(189, 'KANTOR DIRJEN LISTRIK', NULL, NULL, '0', NULL, '2021-01-14 20:48:04', '2021-01-14 20:48:04'),
(190, 'PT CITRA WASPHUTOWA', NULL, NULL, '0', NULL, '2021-01-14 20:48:04', '2021-01-14 20:48:04'),
(191, 'KARAOKE ZEN', NULL, NULL, '0', NULL, '2021-01-14 20:48:04', '2021-01-14 20:48:04'),
(192, 'KANTOR REDDORZ MENARA STANDART CHARTER', NULL, NULL, '0', NULL, '2021-01-14 20:48:04', '2021-01-14 20:48:04'),
(193, 'KANTOR KEMENTERIAN AGAMA', NULL, NULL, '0', NULL, '2021-01-14 20:48:04', '2021-01-14 20:48:04'),
(194, 'KANTOR KEDUBES PALESTINA', NULL, NULL, '0', NULL, '2021-01-14 20:48:04', '2021-01-14 20:48:04'),
(195, 'PT. PEMBANGUNAN PERUMAHAN', NULL, NULL, '0', NULL, '2021-01-14 20:48:04', '2021-01-14 20:48:04'),
(196, 'HOTEL ORCHARDZ', NULL, NULL, '0', NULL, '2021-01-14 20:48:04', '2021-01-14 20:48:04'),
(197, 'PT TOYOTA MOTOR MANUFACTURING INDONESIA', NULL, NULL, '1', 1, '2021-01-14 20:48:04', '2021-01-14 20:48:04'),
(198, 'FAIRGROUNDS SCBD', NULL, NULL, '0', NULL, '2021-01-14 20:48:04', '2021-01-14 20:48:04'),
(199, 'KANTOR KEMENTERIAN PURP', NULL, NULL, '0', NULL, '2021-01-14 20:48:04', '2021-01-14 20:48:04'),
(200, 'KANTOR SATUAN KERJA PENGEMBANGAN PENYEHATAN LINGKUNGAN PEMUKIMAN', NULL, NULL, '0', NULL, '2021-01-14 20:48:04', '2021-01-14 20:48:04'),
(201, 'KAWASAN INDUSTRI PULOGADUNG', NULL, NULL, '0', NULL, '2021-01-14 20:48:04', '2021-01-14 20:48:04'),
(202, 'SILANG MONAS BARAT DAYA / PATUNG KUDA INDOSAT JAKPUS', NULL, NULL, '0', NULL, '2021-01-14 20:48:04', '2021-01-14 20:48:04'),
(203, 'MENARA ASTRA', NULL, NULL, '1', 2, '2021-01-14 20:48:04', '2021-01-14 20:48:04'),
(204, 'PT GS BATTREY', NULL, NULL, '1', 2, '2021-01-14 20:48:04', '2021-01-14 20:48:04'),
(205, 'PT GS BATTERY', NULL, NULL, '1', 3, '2021-01-14 20:48:04', '2021-01-14 20:48:04'),
(206, 'PT TOYOTA ASTRA MOTOR', NULL, NULL, '1', 1, '2021-01-14 20:48:04', '2021-01-14 20:48:04'),
(207, '', NULL, NULL, NULL, NULL, '2021-01-14 20:48:04', '2021-01-14 20:48:04');

-- --------------------------------------------------------

--
-- Table structure for table `migrations`
--

CREATE TABLE `migrations` (
  `id` int(10) UNSIGNED NOT NULL,
  `migration` varchar(255) COLLATE utf8mb4_unicode_ci NOT NULL,
  `batch` int(11) NOT NULL
) ENGINE=InnoDB DEFAULT CHARSET=utf8mb4 COLLATE=utf8mb4_unicode_ci;

--
-- Dumping data for table `migrations`
--

INSERT INTO `migrations` (`id`, `migration`, `batch`) VALUES
(25, '2014_10_12_000000_create_users_table', 1),
(26, '2014_10_12_100000_create_password_resets_table', 1),
(27, '2019_08_19_000000_create_failed_jobs_table', 1),
(28, '2020_12_23_081234_demonstration', 1),
(30, '2020_12_23_082117_city', 1),
(31, '2020_12_23_082138_province', 1),
(35, '2020_12_23_142847_allience', 2),
(37, '2021_01_14_123730_branch', 2),
(38, '2021_01_09_122124_allience_pic', 3),
(40, '2020_12_23_081714_location', 4);

-- --------------------------------------------------------

--
-- Table structure for table `password_resets`
--

CREATE TABLE `password_resets` (
  `email` varchar(255) COLLATE utf8mb4_unicode_ci NOT NULL,
  `token` varchar(255) COLLATE utf8mb4_unicode_ci NOT NULL,
  `created_at` timestamp NULL DEFAULT NULL
) ENGINE=InnoDB DEFAULT CHARSET=utf8mb4 COLLATE=utf8mb4_unicode_ci;

-- --------------------------------------------------------

--
-- Table structure for table `provinces`
--

CREATE TABLE `provinces` (
  `id` char(2) COLLATE utf8_unicode_ci NOT NULL,
  `name` varchar(255) COLLATE utf8_unicode_ci NOT NULL
) ENGINE=InnoDB DEFAULT CHARSET=utf8 COLLATE=utf8_unicode_ci;

--
-- Dumping data for table `provinces`
--

INSERT INTO `provinces` (`id`, `name`) VALUES
('11', 'ACEH'),
('12', 'SUMATERA UTARA'),
('13', 'SUMATERA BARAT'),
('14', 'RIAU'),
('15', 'JAMBI'),
('16', 'SUMATERA SELATAN'),
('17', 'BENGKULU'),
('18', 'LAMPUNG'),
('19', 'KEPULAUAN BANGKA BELITUNG'),
('21', 'KEPULAUAN RIAU'),
('31', 'DKI JAKARTA'),
('32', 'JAWA BARAT'),
('33', 'JAWA TENGAH'),
('34', 'DI YOGYAKARTA'),
('35', 'JAWA TIMUR'),
('36', 'BANTEN'),
('51', 'BALI'),
('52', 'NUSA TENGGARA BARAT'),
('53', 'NUSA TENGGARA TIMUR'),
('61', 'KALIMANTAN BARAT'),
('62', 'KALIMANTAN TENGAH'),
('63', 'KALIMANTAN SELATAN'),
('64', 'KALIMANTAN TIMUR'),
('65', 'KALIMANTAN UTARA'),
('71', 'SULAWESI UTARA'),
('72', 'SULAWESI TENGAH'),
('73', 'SULAWESI SELATAN'),
('74', 'SULAWESI TENGGARA'),
('75', 'GORONTALO'),
('76', 'SULAWESI BARAT'),
('81', 'MALUKU'),
('82', 'MALUKU UTARA'),
('91', 'PAPUA BARAT'),
('94', 'PAPUA');

-- --------------------------------------------------------

--
-- Table structure for table `regencies`
--

CREATE TABLE `regencies` (
  `id` char(4) COLLATE utf8_unicode_ci NOT NULL,
  `province_id` char(2) COLLATE utf8_unicode_ci NOT NULL,
  `name` varchar(255) COLLATE utf8_unicode_ci NOT NULL
) ENGINE=InnoDB DEFAULT CHARSET=utf8 COLLATE=utf8_unicode_ci;

--
-- Dumping data for table `regencies`
--

INSERT INTO `regencies` (`id`, `province_id`, `name`) VALUES
('1101', '11', 'KABUPATEN SIMEULUE'),
('1102', '11', 'KABUPATEN ACEH SINGKIL'),
('1103', '11', 'KABUPATEN ACEH SELATAN'),
('1104', '11', 'KABUPATEN ACEH TENGGARA'),
('1105', '11', 'KABUPATEN ACEH TIMUR'),
('1106', '11', 'KABUPATEN ACEH TENGAH'),
('1107', '11', 'KABUPATEN ACEH BARAT'),
('1108', '11', 'KABUPATEN ACEH BESAR'),
('1109', '11', 'KABUPATEN PIDIE'),
('1110', '11', 'KABUPATEN BIREUEN'),
('1111', '11', 'KABUPATEN ACEH UTARA'),
('1112', '11', 'KABUPATEN ACEH BARAT DAYA'),
('1113', '11', 'KABUPATEN GAYO LUES'),
('1114', '11', 'KABUPATEN ACEH TAMIANG'),
('1115', '11', 'KABUPATEN NAGAN RAYA'),
('1116', '11', 'KABUPATEN ACEH JAYA'),
('1117', '11', 'KABUPATEN BENER MERIAH'),
('1118', '11', 'KABUPATEN PIDIE JAYA'),
('1171', '11', 'KOTA BANDA ACEH'),
('1172', '11', 'KOTA SABANG'),
('1173', '11', 'KOTA LANGSA'),
('1174', '11', 'KOTA LHOKSEUMAWE'),
('1175', '11', 'KOTA SUBULUSSALAM'),
('1201', '12', 'KABUPATEN NIAS'),
('1202', '12', 'KABUPATEN MANDAILING NATAL'),
('1203', '12', 'KABUPATEN TAPANULI SELATAN'),
('1204', '12', 'KABUPATEN TAPANULI TENGAH'),
('1205', '12', 'KABUPATEN TAPANULI UTARA'),
('1206', '12', 'KABUPATEN TOBA SAMOSIR'),
('1207', '12', 'KABUPATEN LABUHAN BATU'),
('1208', '12', 'KABUPATEN ASAHAN'),
('1209', '12', 'KABUPATEN SIMALUNGUN'),
('1210', '12', 'KABUPATEN DAIRI'),
('1211', '12', 'KABUPATEN KARO'),
('1212', '12', 'KABUPATEN DELI SERDANG'),
('1213', '12', 'KABUPATEN LANGKAT'),
('1214', '12', 'KABUPATEN NIAS SELATAN'),
('1215', '12', 'KABUPATEN HUMBANG HASUNDUTAN'),
('1216', '12', 'KABUPATEN PAKPAK BHARAT'),
('1217', '12', 'KABUPATEN SAMOSIR'),
('1218', '12', 'KABUPATEN SERDANG BEDAGAI'),
('1219', '12', 'KABUPATEN BATU BARA'),
('1220', '12', 'KABUPATEN PADANG LAWAS UTARA'),
('1221', '12', 'KABUPATEN PADANG LAWAS'),
('1222', '12', 'KABUPATEN LABUHAN BATU SELATAN'),
('1223', '12', 'KABUPATEN LABUHAN BATU UTARA'),
('1224', '12', 'KABUPATEN NIAS UTARA'),
('1225', '12', 'KABUPATEN NIAS BARAT'),
('1271', '12', 'KOTA SIBOLGA'),
('1272', '12', 'KOTA TANJUNG BALAI'),
('1273', '12', 'KOTA PEMATANG SIANTAR'),
('1274', '12', 'KOTA TEBING TINGGI'),
('1275', '12', 'KOTA MEDAN'),
('1276', '12', 'KOTA BINJAI'),
('1277', '12', 'KOTA PADANGSIDIMPUAN'),
('1278', '12', 'KOTA GUNUNGSITOLI'),
('1301', '13', 'KABUPATEN KEPULAUAN MENTAWAI'),
('1302', '13', 'KABUPATEN PESISIR SELATAN'),
('1303', '13', 'KABUPATEN SOLOK'),
('1304', '13', 'KABUPATEN SIJUNJUNG'),
('1305', '13', 'KABUPATEN TANAH DATAR'),
('1306', '13', 'KABUPATEN PADANG PARIAMAN'),
('1307', '13', 'KABUPATEN AGAM'),
('1308', '13', 'KABUPATEN LIMA PULUH KOTA'),
('1309', '13', 'KABUPATEN PASAMAN'),
('1310', '13', 'KABUPATEN SOLOK SELATAN'),
('1311', '13', 'KABUPATEN DHARMASRAYA'),
('1312', '13', 'KABUPATEN PASAMAN BARAT'),
('1371', '13', 'KOTA PADANG'),
('1372', '13', 'KOTA SOLOK'),
('1373', '13', 'KOTA SAWAH LUNTO'),
('1374', '13', 'KOTA PADANG PANJANG'),
('1375', '13', 'KOTA BUKITTINGGI'),
('1376', '13', 'KOTA PAYAKUMBUH'),
('1377', '13', 'KOTA PARIAMAN'),
('1401', '14', 'KABUPATEN KUANTAN SINGINGI'),
('1402', '14', 'KABUPATEN INDRAGIRI HULU'),
('1403', '14', 'KABUPATEN INDRAGIRI HILIR'),
('1404', '14', 'KABUPATEN PELALAWAN'),
('1405', '14', 'KABUPATEN S I A K'),
('1406', '14', 'KABUPATEN KAMPAR'),
('1407', '14', 'KABUPATEN ROKAN HULU'),
('1408', '14', 'KABUPATEN BENGKALIS'),
('1409', '14', 'KABUPATEN ROKAN HILIR'),
('1410', '14', 'KABUPATEN KEPULAUAN MERANTI'),
('1471', '14', 'KOTA PEKANBARU'),
('1473', '14', 'KOTA D U M A I'),
('1501', '15', 'KABUPATEN KERINCI'),
('1502', '15', 'KABUPATEN MERANGIN'),
('1503', '15', 'KABUPATEN SAROLANGUN'),
('1504', '15', 'KABUPATEN BATANG HARI'),
('1505', '15', 'KABUPATEN MUARO JAMBI'),
('1506', '15', 'KABUPATEN TANJUNG JABUNG TIMUR'),
('1507', '15', 'KABUPATEN TANJUNG JABUNG BARAT'),
('1508', '15', 'KABUPATEN TEBO'),
('1509', '15', 'KABUPATEN BUNGO'),
('1571', '15', 'KOTA JAMBI'),
('1572', '15', 'KOTA SUNGAI PENUH'),
('1601', '16', 'KABUPATEN OGAN KOMERING ULU'),
('1602', '16', 'KABUPATEN OGAN KOMERING ILIR'),
('1603', '16', 'KABUPATEN MUARA ENIM'),
('1604', '16', 'KABUPATEN LAHAT'),
('1605', '16', 'KABUPATEN MUSI RAWAS'),
('1606', '16', 'KABUPATEN MUSI BANYUASIN'),
('1607', '16', 'KABUPATEN BANYU ASIN'),
('1608', '16', 'KABUPATEN OGAN KOMERING ULU SELATAN'),
('1609', '16', 'KABUPATEN OGAN KOMERING ULU TIMUR'),
('1610', '16', 'KABUPATEN OGAN ILIR'),
('1611', '16', 'KABUPATEN EMPAT LAWANG'),
('1612', '16', 'KABUPATEN PENUKAL ABAB LEMATANG ILIR'),
('1613', '16', 'KABUPATEN MUSI RAWAS UTARA'),
('1671', '16', 'KOTA PALEMBANG'),
('1672', '16', 'KOTA PRABUMULIH'),
('1673', '16', 'KOTA PAGAR ALAM'),
('1674', '16', 'KOTA LUBUKLINGGAU'),
('1701', '17', 'KABUPATEN BENGKULU SELATAN'),
('1702', '17', 'KABUPATEN REJANG LEBONG'),
('1703', '17', 'KABUPATEN BENGKULU UTARA'),
('1704', '17', 'KABUPATEN KAUR'),
('1705', '17', 'KABUPATEN SELUMA'),
('1706', '17', 'KABUPATEN MUKOMUKO'),
('1707', '17', 'KABUPATEN LEBONG'),
('1708', '17', 'KABUPATEN KEPAHIANG'),
('1709', '17', 'KABUPATEN BENGKULU TENGAH'),
('1771', '17', 'KOTA BENGKULU'),
('1801', '18', 'KABUPATEN LAMPUNG BARAT'),
('1802', '18', 'KABUPATEN TANGGAMUS'),
('1803', '18', 'KABUPATEN LAMPUNG SELATAN'),
('1804', '18', 'KABUPATEN LAMPUNG TIMUR'),
('1805', '18', 'KABUPATEN LAMPUNG TENGAH'),
('1806', '18', 'KABUPATEN LAMPUNG UTARA'),
('1807', '18', 'KABUPATEN WAY KANAN'),
('1808', '18', 'KABUPATEN TULANGBAWANG'),
('1809', '18', 'KABUPATEN PESAWARAN'),
('1810', '18', 'KABUPATEN PRINGSEWU'),
('1811', '18', 'KABUPATEN MESUJI'),
('1812', '18', 'KABUPATEN TULANG BAWANG BARAT'),
('1813', '18', 'KABUPATEN PESISIR BARAT'),
('1871', '18', 'KOTA BANDAR LAMPUNG'),
('1872', '18', 'KOTA METRO'),
('1901', '19', 'KABUPATEN BANGKA'),
('1902', '19', 'KABUPATEN BELITUNG'),
('1903', '19', 'KABUPATEN BANGKA BARAT'),
('1904', '19', 'KABUPATEN BANGKA TENGAH'),
('1905', '19', 'KABUPATEN BANGKA SELATAN'),
('1906', '19', 'KABUPATEN BELITUNG TIMUR'),
('1971', '19', 'KOTA PANGKAL PINANG'),
('2101', '21', 'KABUPATEN KARIMUN'),
('2102', '21', 'KABUPATEN BINTAN'),
('2103', '21', 'KABUPATEN NATUNA'),
('2104', '21', 'KABUPATEN LINGGA'),
('2105', '21', 'KABUPATEN KEPULAUAN ANAMBAS'),
('2171', '21', 'KOTA B A T A M'),
('2172', '21', 'KOTA TANJUNG PINANG'),
('3101', '31', 'KABUPATEN KEPULAUAN SERIBU'),
('3171', '31', 'KOTA JAKARTA SELATAN'),
('3172', '31', 'KOTA JAKARTA TIMUR'),
('3173', '31', 'KOTA JAKARTA PUSAT'),
('3174', '31', 'KOTA JAKARTA BARAT'),
('3175', '31', 'KOTA JAKARTA UTARA'),
('3201', '32', 'KABUPATEN BOGOR'),
('3202', '32', 'KABUPATEN SUKABUMI'),
('3203', '32', 'KABUPATEN CIANJUR'),
('3204', '32', 'KABUPATEN BANDUNG'),
('3205', '32', 'KABUPATEN GARUT'),
('3206', '32', 'KABUPATEN TASIKMALAYA'),
('3207', '32', 'KABUPATEN CIAMIS'),
('3208', '32', 'KABUPATEN KUNINGAN'),
('3209', '32', 'KABUPATEN CIREBON'),
('3210', '32', 'KABUPATEN MAJALENGKA'),
('3211', '32', 'KABUPATEN SUMEDANG'),
('3212', '32', 'KABUPATEN INDRAMAYU'),
('3213', '32', 'KABUPATEN SUBANG'),
('3214', '32', 'KABUPATEN PURWAKARTA'),
('3215', '32', 'KABUPATEN KARAWANG'),
('3216', '32', 'KABUPATEN BEKASI'),
('3217', '32', 'KABUPATEN BANDUNG BARAT'),
('3218', '32', 'KABUPATEN PANGANDARAN'),
('3271', '32', 'KOTA BOGOR'),
('3272', '32', 'KOTA SUKABUMI'),
('3273', '32', 'KOTA BANDUNG'),
('3274', '32', 'KOTA CIREBON'),
('3275', '32', 'KOTA BEKASI'),
('3276', '32', 'KOTA DEPOK'),
('3277', '32', 'KOTA CIMAHI'),
('3278', '32', 'KOTA TASIKMALAYA'),
('3279', '32', 'KOTA BANJAR'),
('3301', '33', 'KABUPATEN CILACAP'),
('3302', '33', 'KABUPATEN BANYUMAS'),
('3303', '33', 'KABUPATEN PURBALINGGA'),
('3304', '33', 'KABUPATEN BANJARNEGARA'),
('3305', '33', 'KABUPATEN KEBUMEN'),
('3306', '33', 'KABUPATEN PURWOREJO'),
('3307', '33', 'KABUPATEN WONOSOBO'),
('3308', '33', 'KABUPATEN MAGELANG'),
('3309', '33', 'KABUPATEN BOYOLALI'),
('3310', '33', 'KABUPATEN KLATEN'),
('3311', '33', 'KABUPATEN SUKOHARJO'),
('3312', '33', 'KABUPATEN WONOGIRI'),
('3313', '33', 'KABUPATEN KARANGANYAR'),
('3314', '33', 'KABUPATEN SRAGEN'),
('3315', '33', 'KABUPATEN GROBOGAN'),
('3316', '33', 'KABUPATEN BLORA'),
('3317', '33', 'KABUPATEN REMBANG'),
('3318', '33', 'KABUPATEN PATI'),
('3319', '33', 'KABUPATEN KUDUS'),
('3320', '33', 'KABUPATEN JEPARA'),
('3321', '33', 'KABUPATEN DEMAK'),
('3322', '33', 'KABUPATEN SEMARANG'),
('3323', '33', 'KABUPATEN TEMANGGUNG'),
('3324', '33', 'KABUPATEN KENDAL'),
('3325', '33', 'KABUPATEN BATANG'),
('3326', '33', 'KABUPATEN PEKALONGAN'),
('3327', '33', 'KABUPATEN PEMALANG'),
('3328', '33', 'KABUPATEN TEGAL'),
('3329', '33', 'KABUPATEN BREBES'),
('3371', '33', 'KOTA MAGELANG'),
('3372', '33', 'KOTA SURAKARTA'),
('3373', '33', 'KOTA SALATIGA'),
('3374', '33', 'KOTA SEMARANG'),
('3375', '33', 'KOTA PEKALONGAN'),
('3376', '33', 'KOTA TEGAL'),
('3401', '34', 'KABUPATEN KULON PROGO'),
('3402', '34', 'KABUPATEN BANTUL'),
('3403', '34', 'KABUPATEN GUNUNG KIDUL'),
('3404', '34', 'KABUPATEN SLEMAN'),
('3471', '34', 'KOTA YOGYAKARTA'),
('3501', '35', 'KABUPATEN PACITAN'),
('3502', '35', 'KABUPATEN PONOROGO'),
('3503', '35', 'KABUPATEN TRENGGALEK'),
('3504', '35', 'KABUPATEN TULUNGAGUNG'),
('3505', '35', 'KABUPATEN BLITAR'),
('3506', '35', 'KABUPATEN KEDIRI'),
('3507', '35', 'KABUPATEN MALANG'),
('3508', '35', 'KABUPATEN LUMAJANG'),
('3509', '35', 'KABUPATEN JEMBER'),
('3510', '35', 'KABUPATEN BANYUWANGI'),
('3511', '35', 'KABUPATEN BONDOWOSO'),
('3512', '35', 'KABUPATEN SITUBONDO'),
('3513', '35', 'KABUPATEN PROBOLINGGO'),
('3514', '35', 'KABUPATEN PASURUAN'),
('3515', '35', 'KABUPATEN SIDOARJO'),
('3516', '35', 'KABUPATEN MOJOKERTO'),
('3517', '35', 'KABUPATEN JOMBANG'),
('3518', '35', 'KABUPATEN NGANJUK'),
('3519', '35', 'KABUPATEN MADIUN'),
('3520', '35', 'KABUPATEN MAGETAN'),
('3521', '35', 'KABUPATEN NGAWI'),
('3522', '35', 'KABUPATEN BOJONEGORO'),
('3523', '35', 'KABUPATEN TUBAN'),
('3524', '35', 'KABUPATEN LAMONGAN'),
('3525', '35', 'KABUPATEN GRESIK'),
('3526', '35', 'KABUPATEN BANGKALAN'),
('3527', '35', 'KABUPATEN SAMPANG'),
('3528', '35', 'KABUPATEN PAMEKASAN'),
('3529', '35', 'KABUPATEN SUMENEP'),
('3571', '35', 'KOTA KEDIRI'),
('3572', '35', 'KOTA BLITAR'),
('3573', '35', 'KOTA MALANG'),
('3574', '35', 'KOTA PROBOLINGGO'),
('3575', '35', 'KOTA PASURUAN'),
('3576', '35', 'KOTA MOJOKERTO'),
('3577', '35', 'KOTA MADIUN'),
('3578', '35', 'KOTA SURABAYA'),
('3579', '35', 'KOTA BATU'),
('3601', '36', 'KABUPATEN PANDEGLANG'),
('3602', '36', 'KABUPATEN LEBAK'),
('3603', '36', 'KABUPATEN TANGERANG'),
('3604', '36', 'KABUPATEN SERANG'),
('3671', '36', 'KOTA TANGERANG'),
('3672', '36', 'KOTA CILEGON'),
('3673', '36', 'KOTA SERANG'),
('3674', '36', 'KOTA TANGERANG SELATAN'),
('5101', '51', 'KABUPATEN JEMBRANA'),
('5102', '51', 'KABUPATEN TABANAN'),
('5103', '51', 'KABUPATEN BADUNG'),
('5104', '51', 'KABUPATEN GIANYAR'),
('5105', '51', 'KABUPATEN KLUNGKUNG'),
('5106', '51', 'KABUPATEN BANGLI'),
('5107', '51', 'KABUPATEN KARANG ASEM'),
('5108', '51', 'KABUPATEN BULELENG'),
('5171', '51', 'KOTA DENPASAR'),
('5201', '52', 'KABUPATEN LOMBOK BARAT'),
('5202', '52', 'KABUPATEN LOMBOK TENGAH'),
('5203', '52', 'KABUPATEN LOMBOK TIMUR'),
('5204', '52', 'KABUPATEN SUMBAWA'),
('5205', '52', 'KABUPATEN DOMPU'),
('5206', '52', 'KABUPATEN BIMA'),
('5207', '52', 'KABUPATEN SUMBAWA BARAT'),
('5208', '52', 'KABUPATEN LOMBOK UTARA'),
('5271', '52', 'KOTA MATARAM'),
('5272', '52', 'KOTA BIMA'),
('5301', '53', 'KABUPATEN SUMBA BARAT'),
('5302', '53', 'KABUPATEN SUMBA TIMUR'),
('5303', '53', 'KABUPATEN KUPANG'),
('5304', '53', 'KABUPATEN TIMOR TENGAH SELATAN'),
('5305', '53', 'KABUPATEN TIMOR TENGAH UTARA'),
('5306', '53', 'KABUPATEN BELU'),
('5307', '53', 'KABUPATEN ALOR'),
('5308', '53', 'KABUPATEN LEMBATA'),
('5309', '53', 'KABUPATEN FLORES TIMUR'),
('5310', '53', 'KABUPATEN SIKKA'),
('5311', '53', 'KABUPATEN ENDE'),
('5312', '53', 'KABUPATEN NGADA'),
('5313', '53', 'KABUPATEN MANGGARAI'),
('5314', '53', 'KABUPATEN ROTE NDAO'),
('5315', '53', 'KABUPATEN MANGGARAI BARAT'),
('5316', '53', 'KABUPATEN SUMBA TENGAH'),
('5317', '53', 'KABUPATEN SUMBA BARAT DAYA'),
('5318', '53', 'KABUPATEN NAGEKEO'),
('5319', '53', 'KABUPATEN MANGGARAI TIMUR'),
('5320', '53', 'KABUPATEN SABU RAIJUA'),
('5321', '53', 'KABUPATEN MALAKA'),
('5371', '53', 'KOTA KUPANG'),
('6101', '61', 'KABUPATEN SAMBAS'),
('6102', '61', 'KABUPATEN BENGKAYANG'),
('6103', '61', 'KABUPATEN LANDAK'),
('6104', '61', 'KABUPATEN MEMPAWAH'),
('6105', '61', 'KABUPATEN SANGGAU'),
('6106', '61', 'KABUPATEN KETAPANG'),
('6107', '61', 'KABUPATEN SINTANG'),
('6108', '61', 'KABUPATEN KAPUAS HULU'),
('6109', '61', 'KABUPATEN SEKADAU'),
('6110', '61', 'KABUPATEN MELAWI'),
('6111', '61', 'KABUPATEN KAYONG UTARA'),
('6112', '61', 'KABUPATEN KUBU RAYA'),
('6171', '61', 'KOTA PONTIANAK'),
('6172', '61', 'KOTA SINGKAWANG'),
('6201', '62', 'KABUPATEN KOTAWARINGIN BARAT'),
('6202', '62', 'KABUPATEN KOTAWARINGIN TIMUR'),
('6203', '62', 'KABUPATEN KAPUAS'),
('6204', '62', 'KABUPATEN BARITO SELATAN'),
('6205', '62', 'KABUPATEN BARITO UTARA'),
('6206', '62', 'KABUPATEN SUKAMARA'),
('6207', '62', 'KABUPATEN LAMANDAU'),
('6208', '62', 'KABUPATEN SERUYAN'),
('6209', '62', 'KABUPATEN KATINGAN'),
('6210', '62', 'KABUPATEN PULANG PISAU'),
('6211', '62', 'KABUPATEN GUNUNG MAS'),
('6212', '62', 'KABUPATEN BARITO TIMUR'),
('6213', '62', 'KABUPATEN MURUNG RAYA'),
('6271', '62', 'KOTA PALANGKA RAYA'),
('6301', '63', 'KABUPATEN TANAH LAUT'),
('6302', '63', 'KABUPATEN KOTA BARU'),
('6303', '63', 'KABUPATEN BANJAR'),
('6304', '63', 'KABUPATEN BARITO KUALA'),
('6305', '63', 'KABUPATEN TAPIN'),
('6306', '63', 'KABUPATEN HULU SUNGAI SELATAN'),
('6307', '63', 'KABUPATEN HULU SUNGAI TENGAH'),
('6308', '63', 'KABUPATEN HULU SUNGAI UTARA'),
('6309', '63', 'KABUPATEN TABALONG'),
('6310', '63', 'KABUPATEN TANAH BUMBU'),
('6311', '63', 'KABUPATEN BALANGAN'),
('6371', '63', 'KOTA BANJARMASIN'),
('6372', '63', 'KOTA BANJAR BARU'),
('6401', '64', 'KABUPATEN PASER'),
('6402', '64', 'KABUPATEN KUTAI BARAT'),
('6403', '64', 'KABUPATEN KUTAI KARTANEGARA'),
('6404', '64', 'KABUPATEN KUTAI TIMUR'),
('6405', '64', 'KABUPATEN BERAU'),
('6409', '64', 'KABUPATEN PENAJAM PASER UTARA'),
('6411', '64', 'KABUPATEN MAHAKAM HULU'),
('6471', '64', 'KOTA BALIKPAPAN'),
('6472', '64', 'KOTA SAMARINDA'),
('6474', '64', 'KOTA BONTANG'),
('6501', '65', 'KABUPATEN MALINAU'),
('6502', '65', 'KABUPATEN BULUNGAN'),
('6503', '65', 'KABUPATEN TANA TIDUNG'),
('6504', '65', 'KABUPATEN NUNUKAN'),
('6571', '65', 'KOTA TARAKAN'),
('7101', '71', 'KABUPATEN BOLAANG MONGONDOW'),
('7102', '71', 'KABUPATEN MINAHASA'),
('7103', '71', 'KABUPATEN KEPULAUAN SANGIHE'),
('7104', '71', 'KABUPATEN KEPULAUAN TALAUD'),
('7105', '71', 'KABUPATEN MINAHASA SELATAN'),
('7106', '71', 'KABUPATEN MINAHASA UTARA'),
('7107', '71', 'KABUPATEN BOLAANG MONGONDOW UTARA'),
('7108', '71', 'KABUPATEN SIAU TAGULANDANG BIARO'),
('7109', '71', 'KABUPATEN MINAHASA TENGGARA'),
('7110', '71', 'KABUPATEN BOLAANG MONGONDOW SELATAN'),
('7111', '71', 'KABUPATEN BOLAANG MONGONDOW TIMUR'),
('7171', '71', 'KOTA MANADO'),
('7172', '71', 'KOTA BITUNG'),
('7173', '71', 'KOTA TOMOHON'),
('7174', '71', 'KOTA KOTAMOBAGU'),
('7201', '72', 'KABUPATEN BANGGAI KEPULAUAN'),
('7202', '72', 'KABUPATEN BANGGAI'),
('7203', '72', 'KABUPATEN MOROWALI'),
('7204', '72', 'KABUPATEN POSO'),
('7205', '72', 'KABUPATEN DONGGALA'),
('7206', '72', 'KABUPATEN TOLI-TOLI'),
('7207', '72', 'KABUPATEN BUOL'),
('7208', '72', 'KABUPATEN PARIGI MOUTONG'),
('7209', '72', 'KABUPATEN TOJO UNA-UNA'),
('7210', '72', 'KABUPATEN SIGI'),
('7211', '72', 'KABUPATEN BANGGAI LAUT'),
('7212', '72', 'KABUPATEN MOROWALI UTARA'),
('7271', '72', 'KOTA PALU'),
('7301', '73', 'KABUPATEN KEPULAUAN SELAYAR'),
('7302', '73', 'KABUPATEN BULUKUMBA'),
('7303', '73', 'KABUPATEN BANTAENG'),
('7304', '73', 'KABUPATEN JENEPONTO'),
('7305', '73', 'KABUPATEN TAKALAR'),
('7306', '73', 'KABUPATEN GOWA'),
('7307', '73', 'KABUPATEN SINJAI'),
('7308', '73', 'KABUPATEN MAROS'),
('7309', '73', 'KABUPATEN PANGKAJENE DAN KEPULAUAN'),
('7310', '73', 'KABUPATEN BARRU'),
('7311', '73', 'KABUPATEN BONE'),
('7312', '73', 'KABUPATEN SOPPENG'),
('7313', '73', 'KABUPATEN WAJO'),
('7314', '73', 'KABUPATEN SIDENRENG RAPPANG'),
('7315', '73', 'KABUPATEN PINRANG'),
('7316', '73', 'KABUPATEN ENREKANG'),
('7317', '73', 'KABUPATEN LUWU'),
('7318', '73', 'KABUPATEN TANA TORAJA'),
('7322', '73', 'KABUPATEN LUWU UTARA'),
('7325', '73', 'KABUPATEN LUWU TIMUR'),
('7326', '73', 'KABUPATEN TORAJA UTARA'),
('7371', '73', 'KOTA MAKASSAR'),
('7372', '73', 'KOTA PAREPARE'),
('7373', '73', 'KOTA PALOPO'),
('7401', '74', 'KABUPATEN BUTON'),
('7402', '74', 'KABUPATEN MUNA'),
('7403', '74', 'KABUPATEN KONAWE'),
('7404', '74', 'KABUPATEN KOLAKA'),
('7405', '74', 'KABUPATEN KONAWE SELATAN'),
('7406', '74', 'KABUPATEN BOMBANA'),
('7407', '74', 'KABUPATEN WAKATOBI'),
('7408', '74', 'KABUPATEN KOLAKA UTARA'),
('7409', '74', 'KABUPATEN BUTON UTARA'),
('7410', '74', 'KABUPATEN KONAWE UTARA'),
('7411', '74', 'KABUPATEN KOLAKA TIMUR'),
('7412', '74', 'KABUPATEN KONAWE KEPULAUAN'),
('7413', '74', 'KABUPATEN MUNA BARAT'),
('7414', '74', 'KABUPATEN BUTON TENGAH'),
('7415', '74', 'KABUPATEN BUTON SELATAN'),
('7471', '74', 'KOTA KENDARI'),
('7472', '74', 'KOTA BAUBAU'),
('7501', '75', 'KABUPATEN BOALEMO'),
('7502', '75', 'KABUPATEN GORONTALO'),
('7503', '75', 'KABUPATEN POHUWATO'),
('7504', '75', 'KABUPATEN BONE BOLANGO'),
('7505', '75', 'KABUPATEN GORONTALO UTARA'),
('7571', '75', 'KOTA GORONTALO'),
('7601', '76', 'KABUPATEN MAJENE'),
('7602', '76', 'KABUPATEN POLEWALI MANDAR'),
('7603', '76', 'KABUPATEN MAMASA'),
('7604', '76', 'KABUPATEN MAMUJU'),
('7605', '76', 'KABUPATEN MAMUJU UTARA'),
('7606', '76', 'KABUPATEN MAMUJU TENGAH'),
('8101', '81', 'KABUPATEN MALUKU TENGGARA BARAT'),
('8102', '81', 'KABUPATEN MALUKU TENGGARA'),
('8103', '81', 'KABUPATEN MALUKU TENGAH'),
('8104', '81', 'KABUPATEN BURU'),
('8105', '81', 'KABUPATEN KEPULAUAN ARU'),
('8106', '81', 'KABUPATEN SERAM BAGIAN BARAT'),
('8107', '81', 'KABUPATEN SERAM BAGIAN TIMUR'),
('8108', '81', 'KABUPATEN MALUKU BARAT DAYA'),
('8109', '81', 'KABUPATEN BURU SELATAN'),
('8171', '81', 'KOTA AMBON'),
('8172', '81', 'KOTA TUAL'),
('8201', '82', 'KABUPATEN HALMAHERA BARAT'),
('8202', '82', 'KABUPATEN HALMAHERA TENGAH'),
('8203', '82', 'KABUPATEN KEPULAUAN SULA'),
('8204', '82', 'KABUPATEN HALMAHERA SELATAN'),
('8205', '82', 'KABUPATEN HALMAHERA UTARA'),
('8206', '82', 'KABUPATEN HALMAHERA TIMUR'),
('8207', '82', 'KABUPATEN PULAU MOROTAI'),
('8208', '82', 'KABUPATEN PULAU TALIABU'),
('8271', '82', 'KOTA TERNATE'),
('8272', '82', 'KOTA TIDORE KEPULAUAN'),
('9101', '91', 'KABUPATEN FAKFAK'),
('9102', '91', 'KABUPATEN KAIMANA'),
('9103', '91', 'KABUPATEN TELUK WONDAMA'),
('9104', '91', 'KABUPATEN TELUK BINTUNI'),
('9105', '91', 'KABUPATEN MANOKWARI'),
('9106', '91', 'KABUPATEN SORONG SELATAN'),
('9107', '91', 'KABUPATEN SORONG'),
('9108', '91', 'KABUPATEN RAJA AMPAT'),
('9109', '91', 'KABUPATEN TAMBRAUW'),
('9110', '91', 'KABUPATEN MAYBRAT'),
('9111', '91', 'KABUPATEN MANOKWARI SELATAN'),
('9112', '91', 'KABUPATEN PEGUNUNGAN ARFAK'),
('9171', '91', 'KOTA SORONG'),
('9401', '94', 'KABUPATEN MERAUKE'),
('9402', '94', 'KABUPATEN JAYAWIJAYA'),
('9403', '94', 'KABUPATEN JAYAPURA'),
('9404', '94', 'KABUPATEN NABIRE'),
('9408', '94', 'KABUPATEN KEPULAUAN YAPEN'),
('9409', '94', 'KABUPATEN BIAK NUMFOR'),
('9410', '94', 'KABUPATEN PANIAI'),
('9411', '94', 'KABUPATEN PUNCAK JAYA'),
('9412', '94', 'KABUPATEN MIMIKA'),
('9413', '94', 'KABUPATEN BOVEN DIGOEL'),
('9414', '94', 'KABUPATEN MAPPI'),
('9415', '94', 'KABUPATEN ASMAT'),
('9416', '94', 'KABUPATEN YAHUKIMO'),
('9417', '94', 'KABUPATEN PEGUNUNGAN BINTANG'),
('9418', '94', 'KABUPATEN TOLIKARA'),
('9419', '94', 'KABUPATEN SARMI'),
('9420', '94', 'KABUPATEN KEEROM'),
('9426', '94', 'KABUPATEN WAROPEN'),
('9427', '94', 'KABUPATEN SUPIORI'),
('9428', '94', 'KABUPATEN MAMBERAMO RAYA'),
('9429', '94', 'KABUPATEN NDUGA'),
('9430', '94', 'KABUPATEN LANNY JAYA'),
('9431', '94', 'KABUPATEN MAMBERAMO TENGAH'),
('9432', '94', 'KABUPATEN YALIMO'),
('9433', '94', 'KABUPATEN PUNCAK'),
('9434', '94', 'KABUPATEN DOGIYAI'),
('9435', '94', 'KABUPATEN INTAN JAYA'),
('9436', '94', 'KABUPATEN DEIYAI'),
('9471', '94', 'KOTA JAYAPURA');

-- --------------------------------------------------------

--
-- Table structure for table `users`
--

CREATE TABLE `users` (
  `id` bigint(20) UNSIGNED NOT NULL,
  `name` varchar(255) COLLATE utf8mb4_unicode_ci NOT NULL,
  `email` varchar(255) COLLATE utf8mb4_unicode_ci NOT NULL,
  `role` enum('admin','user') COLLATE utf8mb4_unicode_ci NOT NULL DEFAULT 'user',
  `status` tinyint(1) NOT NULL,
  `email_verified_at` timestamp NULL DEFAULT NULL,
  `password` varchar(255) COLLATE utf8mb4_unicode_ci NOT NULL,
  `remember_token` varchar(100) COLLATE utf8mb4_unicode_ci DEFAULT NULL,
  `created_at` timestamp NULL DEFAULT NULL,
  `updated_at` timestamp NULL DEFAULT NULL
) ENGINE=InnoDB DEFAULT CHARSET=utf8mb4 COLLATE=utf8mb4_unicode_ci;

--
-- Dumping data for table `users`
--

INSERT INTO `users` (`id`, `name`, `email`, `role`, `status`, `email_verified_at`, `password`, `remember_token`, `created_at`, `updated_at`) VALUES
(1, 'Sarah Amelia', 'saraho@gmail.com', 'admin', 1, '2021-01-09 22:18:38', '$2y$10$D.LvsVGAO2qTf0vlqgxKjeRVSnb4/lfeRCOT4iN1uV5P679yWI0Vy', 'sRp0hhnFV5', '2021-01-09 22:18:38', '2021-01-09 22:18:38');

--
-- Indexes for dumped tables
--

--
-- Indexes for table `allience`
--
ALTER TABLE `allience`
  ADD PRIMARY KEY (`id`),
  ADD UNIQUE KEY `allience_allience_name_unique` (`allience_name`);

--
-- Indexes for table `allience_pic`
--
ALTER TABLE `allience_pic`
  ADD PRIMARY KEY (`id`);

--
-- Indexes for table `branch`
--
ALTER TABLE `branch`
  ADD PRIMARY KEY (`id`),
  ADD UNIQUE KEY `branch_name_unique` (`name`);

--
-- Indexes for table `demonstration`
--
ALTER TABLE `demonstration`
  ADD PRIMARY KEY (`id`);

--
-- Indexes for table `failed_jobs`
--
ALTER TABLE `failed_jobs`
  ADD PRIMARY KEY (`id`);

--
-- Indexes for table `location`
--
ALTER TABLE `location`
  ADD PRIMARY KEY (`id`);

--
-- Indexes for table `migrations`
--
ALTER TABLE `migrations`
  ADD PRIMARY KEY (`id`);

--
-- Indexes for table `password_resets`
--
ALTER TABLE `password_resets`
  ADD KEY `password_resets_email_index` (`email`);

--
-- Indexes for table `provinces`
--
ALTER TABLE `provinces`
  ADD PRIMARY KEY (`id`);

--
-- Indexes for table `regencies`
--
ALTER TABLE `regencies`
  ADD PRIMARY KEY (`id`),
  ADD KEY `regencies_province_id_index` (`province_id`);

--
-- Indexes for table `users`
--
ALTER TABLE `users`
  ADD PRIMARY KEY (`id`),
  ADD UNIQUE KEY `users_email_unique` (`email`);

--
-- AUTO_INCREMENT for dumped tables
--

--
-- AUTO_INCREMENT for table `allience`
--
ALTER TABLE `allience`
  MODIFY `id` bigint(20) UNSIGNED NOT NULL AUTO_INCREMENT, AUTO_INCREMENT=313;

--
-- AUTO_INCREMENT for table `allience_pic`
--
ALTER TABLE `allience_pic`
  MODIFY `id` bigint(20) UNSIGNED NOT NULL AUTO_INCREMENT, AUTO_INCREMENT=385;

--
-- AUTO_INCREMENT for table `branch`
--
ALTER TABLE `branch`
  MODIFY `id` bigint(20) UNSIGNED NOT NULL AUTO_INCREMENT, AUTO_INCREMENT=4;

--
-- AUTO_INCREMENT for table `demonstration`
--
ALTER TABLE `demonstration`
  MODIFY `id` bigint(20) UNSIGNED NOT NULL AUTO_INCREMENT, AUTO_INCREMENT=664;

--
-- AUTO_INCREMENT for table `failed_jobs`
--
ALTER TABLE `failed_jobs`
  MODIFY `id` bigint(20) UNSIGNED NOT NULL AUTO_INCREMENT;

--
-- AUTO_INCREMENT for table `location`
--
ALTER TABLE `location`
  MODIFY `id` bigint(20) UNSIGNED NOT NULL AUTO_INCREMENT, AUTO_INCREMENT=208;

--
-- AUTO_INCREMENT for table `migrations`
--
ALTER TABLE `migrations`
  MODIFY `id` int(10) UNSIGNED NOT NULL AUTO_INCREMENT, AUTO_INCREMENT=41;

--
-- AUTO_INCREMENT for table `users`
--
ALTER TABLE `users`
  MODIFY `id` bigint(20) UNSIGNED NOT NULL AUTO_INCREMENT, AUTO_INCREMENT=2;

--
-- Constraints for dumped tables
--

--
-- Constraints for table `regencies`
--
ALTER TABLE `regencies`
  ADD CONSTRAINT `regencies_province_id_foreign` FOREIGN KEY (`province_id`) REFERENCES `provinces` (`id`);
COMMIT;

/*!40101 SET CHARACTER_SET_CLIENT=@OLD_CHARACTER_SET_CLIENT */;
/*!40101 SET CHARACTER_SET_RESULTS=@OLD_CHARACTER_SET_RESULTS */;
/*!40101 SET COLLATION_CONNECTION=@OLD_COLLATION_CONNECTION */;
